sample,run,file1,file2
ERS1142690,ERR1756534,ERR1756534_1.fastq,ERR1756534_2.fastq
ERS1142691,ERR1756535,ERR1756535_1.fastq,ERR1756535_2.fastq
ERS1142692,ERR1671599,ERR1671599_1.fastq,ERR1671599_2.fastq
ERS1142693,ERR1671600,ERR1671600_1.fastq,ERR1671600_2.fastq
ERS1142694,ERR1671601,ERR1671601_1.fastq,ERR1671601_2.fastq
ERS1142695,ERR1671602,ERR1671602_1.fastq,ERR1671602_2.fastq
ERS1142696,ERR1671603,ERR1671603_1.fastq,ERR1671603_2.fastq
ERS1142697,ERR1671604,ERR1671604_1.fastq,ERR1671604_2.fastq
ERS1142698,ERR1671605,ERR1671605_1.fastq,ERR1671605_2.fastq
ERS1142699,ERR1671606,ERR1671606_1.fastq,ERR1671606_2.fastq
ERS1142700,ERR1671607,ERR1671607_1.fastq,ERR1671607_2.fastq
ERS1142701,ERR1671608,ERR1671608_1.fastq,ERR1671608_2.fastq
ERS1142702,ERR1671609,ERR1671609_1.fastq,ERR1671609_2.fastq
ERS1142703,ERR1671610,ERR1671610_1.fastq,ERR1671610_2.fastq
ERS1142704,ERR1671611,ERR1671611_1.fastq,ERR1671611_2.fastq
ERS1142705,ERR1671612,ERR1671612_1.fastq,ERR1671612_2.fastq
ERS1142706,ERR1756536,ERR1756536_1.fastq,ERR1756536_2.fastq
ERS1142707,ERR1671613,ERR1671613_1.fastq,ERR1671613_2.fastq
ERS1142708,ERR1756537,ERR1756537_1.fastq,ERR1756537_2.fastq
ERS1142709,ERR1671614,ERR1671614_1.fastq,ERR1671614_2.fastq
ERS1142710,ERR1756538,ERR1756538_1.fastq,ERR1756538_2.fastq
ERS1142711,ERR1671615,ERR1671615_1.fastq,ERR1671615_2.fastq
ERS1142712,ERR1671616,ERR1671616_1.fastq,ERR1671616_2.fastq
ERS1142713,ERR1671617,ERR1671617_1.fastq,ERR1671617_2.fastq
ERS1142714,ERR1671618,ERR1671618_1.fastq,ERR1671618_2.fastq
ERS1142715,ERR1756539,ERR1756539_1.fastq,ERR1756539_2.fastq
ERS1142716,ERR1671619,ERR1671619_1.fastq,ERR1671619_2.fastq
ERS1142717,ERR1671620,ERR1671620_1.fastq,ERR1671620_2.fastq
ERS1142718,ERR1671621,ERR1671621_1.fastq,ERR1671621_2.fastq
ERS1142719,ERR1671622,ERR1671622_1.fastq,ERR1671622_2.fastq
ERS1142720,ERR1671623,ERR1671623_1.fastq,ERR1671623_2.fastq
ERS1142721,ERR1671624,ERR1671624_1.fastq,ERR1671624_2.fastq
ERS1142722,ERR1671625,ERR1671625_1.fastq,ERR1671625_2.fastq
ERS1142723,ERR1671626,ERR1671626_1.fastq,ERR1671626_2.fastq
ERS1142724,ERR1671627,ERR1671627_1.fastq,ERR1671627_2.fastq
ERS1142725,ERR1671628,ERR1671628_1.fastq,ERR1671628_2.fastq
ERS1142726,ERR1671629,ERR1671629_1.fastq,ERR1671629_2.fastq
ERS1142727,ERR1671630,ERR1671630_1.fastq,ERR1671630_2.fastq
ERS1142728,ERR1671631,ERR1671631_1.fastq,ERR1671631_2.fastq
ERS1142729,ERR1671632,ERR1671632_1.fastq,ERR1671632_2.fastq
ERS1142730,ERR1671633,ERR1671633_1.fastq,ERR1671633_2.fastq
ERS1142731,ERR1671634,ERR1671634_1.fastq,ERR1671634_2.fastq
ERS1142732,ERR1671635,ERR1671635_1.fastq,ERR1671635_2.fastq
ERS1142733,ERR1671636,ERR1671636_1.fastq,ERR1671636_2.fastq
ERS1142734,ERR1671637,ERR1671637_1.fastq,ERR1671637_2.fastq
ERS1142735,ERR1756540,ERR1756540_1.fastq,ERR1756540_2.fastq
ERS1142736,ERR1756541,ERR1756541_1.fastq,ERR1756541_2.fastq
ERS1142737,ERR1671638,ERR1671638_1.fastq,ERR1671638_2.fastq
ERS1142738,ERR1671639,ERR1671639_1.fastq,ERR1671639_2.fastq
ERS1142739,ERR1671640,ERR1671640_1.fastq,ERR1671640_2.fastq
ERS1142740,ERR1671641,ERR1671641_1.fastq,ERR1671641_2.fastq
ERS1142741,ERR1671642,ERR1671642_1.fastq,ERR1671642_2.fastq
ERS1142742,ERR1671643,ERR1671643_1.fastq,ERR1671643_2.fastq
ERS1142743,ERR1671644,ERR1671644_1.fastq,ERR1671644_2.fastq
ERS1142744,ERR1671645,ERR1671645_1.fastq,ERR1671645_2.fastq
ERS1142745,ERR1671646,ERR1671646_1.fastq,ERR1671646_2.fastq
ERS1142746,ERR1671647,ERR1671647_1.fastq,ERR1671647_2.fastq
ERS1142747,ERR1671648,ERR1671648_1.fastq,ERR1671648_2.fastq
ERS1142748,ERR1671649,ERR1671649_1.fastq,ERR1671649_2.fastq
ERS1142749,ERR1671650,ERR1671650_1.fastq,ERR1671650_2.fastq
ERS1142750,ERR1671651,ERR1671651_1.fastq,ERR1671651_2.fastq
ERS1142751,ERR1671652,ERR1671652_1.fastq,ERR1671652_2.fastq
ERS1142752,ERR1671653,ERR1671653_1.fastq,ERR1671653_2.fastq
ERS1142753,ERR1671654,ERR1671654_1.fastq,ERR1671654_2.fastq
ERS1142754,ERR1671655,ERR1671655_1.fastq,ERR1671655_2.fastq
ERS1142755,ERR1671656,ERR1671656_1.fastq,ERR1671656_2.fastq
ERS1142756,ERR1671657,ERR1671657_1.fastq,ERR1671657_2.fastq
ERS1142757,ERR1671658,ERR1671658_1.fastq,ERR1671658_2.fastq
ERS1142758,ERR1671659,ERR1671659_1.fastq,ERR1671659_2.fastq
ERS1142759,ERR1671660,ERR1671660_1.fastq,ERR1671660_2.fastq
ERS1142760,ERR1671661,ERR1671661_1.fastq,ERR1671661_2.fastq
ERS1142761,ERR1671662,ERR1671662_1.fastq,ERR1671662_2.fastq
ERS1142762,ERR1671663,ERR1671663_1.fastq,ERR1671663_2.fastq
ERS1142763,ERR1671664,ERR1671664_1.fastq,ERR1671664_2.fastq
ERS1142764,ERR1671665,ERR1671665_1.fastq,ERR1671665_2.fastq
ERS1142765,ERR1671666,ERR1671666_1.fastq,ERR1671666_2.fastq
ERS1142767,ERR1756543,ERR1756543_1.fastq,ERR1756543_2.fastq
ERS1142768,ERR1671667,ERR1671667_1.fastq,ERR1671667_2.fastq
ERS1142769,ERR1671668,ERR1671668_1.fastq,ERR1671668_2.fastq
ERS1142770,ERR1671669,ERR1671669_1.fastq,ERR1671669_2.fastq
ERS1142773,ERR1671671,ERR1671671_1.fastq,ERR1671671_2.fastq
ERS1142774,ERR1756545,ERR1756545_1.fastq,ERR1756545_2.fastq
ERS1142775,ERR1756546,ERR1756546_1.fastq,ERR1756546_2.fastq
ERS1142776,ERR1756547,ERR1756547_1.fastq,ERR1756547_2.fastq
ERS1142777,ERR1671672,ERR1671672_1.fastq,ERR1671672_2.fastq
ERS1142778,ERR1756548,ERR1756548_1.fastq,ERR1756548_2.fastq
ERS1142779,ERR1671673,ERR1671673_1.fastq,ERR1671673_2.fastq
ERS1142780,ERR1756549,ERR1756549_1.fastq,ERR1756549_2.fastq
ERS1142781,ERR1756550,ERR1756550_1.fastq,ERR1756550_2.fastq
ERS1142782,ERR1756551,ERR1756551_1.fastq,ERR1756551_2.fastq
ERS1142783,ERR1671674,ERR1671674_1.fastq,ERR1671674_2.fastq
ERS1142784,ERR1671675,ERR1671675_1.fastq,ERR1671675_2.fastq
ERS1142785,ERR1671676,ERR1671676_1.fastq,ERR1671676_2.fastq
ERS1142786,ERR1671677,ERR1671677_1.fastq,ERR1671677_2.fastq
ERS1142787,ERR1671678,ERR1671678_1.fastq,ERR1671678_2.fastq
ERS1142788,ERR1671679,ERR1671679_1.fastq,ERR1671679_2.fastq
ERS1142789,ERR1671680,ERR1671680_1.fastq,ERR1671680_2.fastq
ERS1142790,ERR1671681,ERR1671681_1.fastq,ERR1671681_2.fastq
ERS1142791,ERR1671682,ERR1671682_1.fastq,ERR1671682_2.fastq
ERS1142793,ERR1671683,ERR1671683_1.fastq,ERR1671683_2.fastq
ERS1142794,ERR1671684,ERR1671684_1.fastq,ERR1671684_2.fastq
ERS1142795,ERR1671685,ERR1671685_1.fastq,ERR1671685_2.fastq
ERS1142797,ERR1671686,ERR1671686_1.fastq,ERR1671686_2.fastq
ERS1142798,ERR1756554,ERR1756554_1.fastq,ERR1756554_2.fastq
ERS1142799,ERR1671687,ERR1671687_1.fastq,ERR1671687_2.fastq
ERS1142800,ERR1671688,ERR1671688_1.fastq,ERR1671688_2.fastq
ERS1142801,ERR1756555,ERR1756555_1.fastq,ERR1756555_2.fastq
ERS1142802,ERR1671689,ERR1671689_1.fastq,ERR1671689_2.fastq
ERS1142803,ERR1756556,ERR1756556_1.fastq,ERR1756556_2.fastq
ERS1142804,ERR1756557,ERR1756557_1.fastq,ERR1756557_2.fastq
ERS1142805,ERR1756558,ERR1756558_1.fastq,ERR1756558_2.fastq
ERS1142806,ERR1671690,ERR1671690_1.fastq,ERR1671690_2.fastq
ERS1142807,ERR1671691,ERR1671691_1.fastq,ERR1671691_2.fastq
ERS1142808,ERR1671692,ERR1671692_1.fastq,ERR1671692_2.fastq
ERS1142811,ERR1671693,ERR1671693_1.fastq,ERR1671693_2.fastq
ERS1142812,ERR1671694,ERR1671694_1.fastq,ERR1671694_2.fastq
ERS1142813,ERR1756560,ERR1756560_1.fastq,ERR1756560_2.fastq
ERS1142814,ERR1671695,ERR1671695_1.fastq,ERR1671695_2.fastq
ERS1142815,ERR1671696,ERR1671696_1.fastq,ERR1671696_2.fastq
ERS1142816,ERR1671697,ERR1671697_1.fastq,ERR1671697_2.fastq
ERS1142817,ERR1671698,ERR1671698_1.fastq,ERR1671698_2.fastq
ERS1142818,ERR1671699,ERR1671699_1.fastq,ERR1671699_2.fastq
ERS1142819,ERR1671700,ERR1671700_1.fastq,ERR1671700_2.fastq
ERS1142820,ERR1756561,ERR1756561_1.fastq,ERR1756561_2.fastq
ERS1142821,ERR1671701,ERR1671701_1.fastq,ERR1671701_2.fastq
ERS1142823,ERR1671702,ERR1671702_1.fastq,ERR1671702_2.fastq
ERS1142824,ERR1756562,ERR1756562_1.fastq,ERR1756562_2.fastq
ERS1142825,ERR1671703,ERR1671703_1.fastq,ERR1671703_2.fastq
ERS1142826,ERR1671704,ERR1671704_1.fastq,ERR1671704_2.fastq
ERS1142827,ERR1671705,ERR1671705_1.fastq,ERR1671705_2.fastq
ERS1142829,ERR1671706,ERR1671706_1.fastq,ERR1671706_2.fastq
ERS1142830,ERR1671707,ERR1671707_1.fastq,ERR1671707_2.fastq
ERS1142831,ERR1671708,ERR1671708_1.fastq,ERR1671708_2.fastq
ERS1142832,ERR1671709,ERR1671709_1.fastq,ERR1671709_2.fastq
ERS1142833,ERR1671710,ERR1671710_1.fastq,ERR1671710_2.fastq
ERS1142834,ERR1671711,ERR1671711_1.fastq,ERR1671711_2.fastq
ERS1142835,ERR1756564,ERR1756564_1.fastq,ERR1756564_2.fastq
ERS1142836,ERR1671712,ERR1671712_1.fastq,ERR1671712_2.fastq
ERS1142837,ERR1671713,ERR1671713_1.fastq,ERR1671713_2.fastq
ERS1142838,ERR1671714,ERR1671714_1.fastq,ERR1671714_2.fastq
ERS1142839,ERR1671715,ERR1671715_1.fastq,ERR1671715_2.fastq
ERS1142840,ERR1671716,ERR1671716_1.fastq,ERR1671716_2.fastq
ERS1142841,ERR1671717,ERR1671717_1.fastq,ERR1671717_2.fastq
ERS1142842,ERR1671718,ERR1671718_1.fastq,ERR1671718_2.fastq
ERS1142843,ERR1671719,ERR1671719_1.fastq,ERR1671719_2.fastq
ERS1142844,ERR1671720,ERR1671720_1.fastq,ERR1671720_2.fastq
ERS1142845,ERR1671721,ERR1671721_1.fastq,ERR1671721_2.fastq
ERS1142846,ERR1671722,ERR1671722_1.fastq,ERR1671722_2.fastq
ERS1142847,ERR1671723,ERR1671723_1.fastq,ERR1671723_2.fastq
ERS1142848,ERR1671724,ERR1671724_1.fastq,ERR1671724_2.fastq
ERS1142849,ERR1671725,ERR1671725_1.fastq,ERR1671725_2.fastq
ERS1142850,ERR1671726,ERR1671726_1.fastq,ERR1671726_2.fastq
ERS1142851,ERR1671727,ERR1671727_1.fastq,ERR1671727_2.fastq
ERS1142852,ERR1671728,ERR1671728_1.fastq,ERR1671728_2.fastq
ERS1142853,ERR1756565,ERR1756565_1.fastq,ERR1756565_2.fastq
ERS1142854,ERR1756566,ERR1756566_1.fastq,ERR1756566_2.fastq
ERS1142855,ERR1756567,ERR1756567_1.fastq,ERR1756567_2.fastq
ERS1142856,ERR1756568,ERR1756568_1.fastq,ERR1756568_2.fastq
ERS1142857,ERR1756569,ERR1756569_1.fastq,ERR1756569_2.fastq
ERS1142858,ERR1756570,ERR1756570_1.fastq,ERR1756570_2.fastq
ERS1142859,ERR1756571,ERR1756571_1.fastq,ERR1756571_2.fastq
ERS1142860,ERR1756572,ERR1756572_1.fastq,ERR1756572_2.fastq
ERS1142861,ERR1671729,ERR1671729_1.fastq,ERR1671729_2.fastq
ERS1142862,ERR1671730,ERR1671730_1.fastq,ERR1671730_2.fastq
ERS1142863,ERR1671731,ERR1671731_1.fastq,ERR1671731_2.fastq
ERS1142864,ERR1671732,ERR1671732_1.fastq,ERR1671732_2.fastq
ERS1142865,ERR1756573,ERR1756573_1.fastq,ERR1756573_2.fastq
ERS1142866,ERR1671733,ERR1671733_1.fastq,ERR1671733_2.fastq
ERS1142867,ERR1756574,ERR1756574_1.fastq,ERR1756574_2.fastq
ERS1142868,ERR1671734,ERR1671734_1.fastq,ERR1671734_2.fastq
ERS1142869,ERR1756575,ERR1756575_1.fastq,ERR1756575_2.fastq
ERS1142870,ERR1671735,ERR1671735_1.fastq,ERR1671735_2.fastq
ERS1142871,ERR1671736,ERR1671736_1.fastq,ERR1671736_2.fastq
ERS1142872,ERR1756576,ERR1756576_1.fastq,ERR1756576_2.fastq
ERS1142873,ERR1671737,ERR1671737_1.fastq,ERR1671737_2.fastq
ERS1142874,ERR1671738,ERR1671738_1.fastq,ERR1671738_2.fastq
ERS1142875,ERR1671739,ERR1671739_1.fastq,ERR1671739_2.fastq
ERS1142876,ERR1756577,ERR1756577_1.fastq,ERR1756577_2.fastq
ERS1142877,ERR1671740,ERR1671740_1.fastq,ERR1671740_2.fastq
ERS1142878,ERR1671741,ERR1671741_1.fastq,ERR1671741_2.fastq
ERS1142880,ERR1671743,ERR1671743_1.fastq,ERR1671743_2.fastq
ERS1142881,ERR1756578,ERR1756578_1.fastq,ERR1756578_2.fastq
ERS1142882,ERR1756579,ERR1756579_1.fastq,ERR1756579_2.fastq
ERS1142883,ERR1671744,ERR1671744_1.fastq,ERR1671744_2.fastq
ERS1142885,ERR1671745,ERR1671745_1.fastq,ERR1671745_2.fastq
ERS1142886,ERR1756581,ERR1756581_1.fastq,ERR1756581_2.fastq
ERS1142887,ERR1756582,ERR1756582_1.fastq,ERR1756582_2.fastq
ERS1142888,ERR1671746,ERR1671746_1.fastq,ERR1671746_2.fastq
ERS1142889,ERR1671747,ERR1671747_1.fastq,ERR1671747_2.fastq
ERS1142890,ERR1756583,ERR1756583_1.fastq,ERR1756583_2.fastq
ERS1142892,ERR1756585,ERR1756585_1.fastq,ERR1756585_2.fastq
ERS1142893,ERR1756586,ERR1756586_1.fastq,ERR1756586_2.fastq
ERS1142894,ERR1756587,ERR1756587_1.fastq,ERR1756587_2.fastq
ERS1142895,ERR1756588,ERR1756588_1.fastq,ERR1756588_2.fastq
ERS1142896,ERR1764085,ERR1764085_1.fastq,ERR1764085_2.fastq
ERS1142898,ERR1671748,ERR1671748_1.fastq,ERR1671748_2.fastq
ERS1142899,ERR1756590,ERR1756590_1.fastq,ERR1756590_2.fastq
ERS1142900,ERR1756591,ERR1756591_1.fastq,ERR1756591_2.fastq
ERS2540922,ERR2624186,ERR2624186_1.fastq,ERR2624186_2.fastq
ERS2540923,ERR2624383,ERR2624383_1.fastq,ERR2624383_2.fastq
ERS2540924,ERR2624492,ERR2624492_1.fastq,ERR2624492_2.fastq
ERS2540925,ERR2624242,ERR2624242_1.fastq,ERR2624242_2.fastq
ERS2540926,ERR2624217,ERR2624217_1.fastq,ERR2624217_2.fastq
ERS2540927,ERR2624095,ERR2624095_1.fastq,ERR2624095_2.fastq
ERS2540928,ERR2624344,ERR2624344_1.fastq,ERR2624344_2.fastq
ERS2540929,ERR2624440,ERR2624440_1.fastq,ERR2624440_2.fastq
ERS2540930,ERR2624250,ERR2624250_1.fastq,ERR2624250_2.fastq
ERS2540931,ERR2624415,ERR2624415_1.fastq,ERR2624415_2.fastq
ERS2540932,ERR2624385,ERR2624385_1.fastq,ERR2624385_2.fastq
ERS2540933,ERR2624142,ERR2624142_1.fastq,ERR2624142_2.fastq
ERS2540934,ERR2624490,ERR2624490_1.fastq,ERR2624490_2.fastq
ERS2540935,ERR2624334,ERR2624334_1.fastq,ERR2624334_2.fastq
ERS2540936,ERR2624156,ERR2624156_1.fastq,ERR2624156_2.fastq
ERS2540937,ERR2624449,ERR2624449_1.fastq,ERR2624449_2.fastq
ERS2540938,ERR2624189,ERR2624189_1.fastq,ERR2624189_2.fastq
ERS2540939,ERR2624150,ERR2624150_1.fastq,ERR2624150_2.fastq
ERS2540940,ERR2624099,ERR2624099_1.fastq,ERR2624099_2.fastq
ERS2540941,ERR2624307,ERR2624307_1.fastq,ERR2624307_2.fastq
ERS2540942,ERR2624172,ERR2624172_1.fastq,ERR2624172_2.fastq
ERS2540943,ERR2624202,ERR2624202_1.fastq,ERR2624202_2.fastq
ERS2540944,ERR2624448,ERR2624448_1.fastq,ERR2624448_2.fastq
ERS2540945,ERR2624432,ERR2624432_1.fastq,ERR2624432_2.fastq
ERS2540946,ERR2624437,ERR2624437_1.fastq,ERR2624437_2.fastq
ERS2540947,ERR2624357,ERR2624357_1.fastq,ERR2624357_2.fastq
ERS2540948,ERR2624439,ERR2624439_1.fastq,ERR2624439_2.fastq
ERS2540949,ERR2624103,ERR2624103_1.fastq,ERR2624103_2.fastq
ERS2540950,ERR2624139,ERR2624139_1.fastq,ERR2624139_2.fastq
ERS2540951,ERR2624384,ERR2624384_1.fastq,ERR2624384_2.fastq
ERS2540952,ERR2624308,ERR2624308_1.fastq,ERR2624308_2.fastq
ERS2540953,ERR2624451,ERR2624451_1.fastq,ERR2624451_2.fastq
ERS2540954,ERR2624326,ERR2624326_1.fastq,ERR2624326_2.fastq
ERS2540955,ERR2624249,ERR2624249_1.fastq,ERR2624249_2.fastq
ERS2540956,ERR2624265,ERR2624265_1.fastq,ERR2624265_2.fastq
ERS2540957,ERR2624251,ERR2624251_1.fastq,ERR2624251_2.fastq
ERS2540958,ERR2624438,ERR2624438_1.fastq,ERR2624438_2.fastq
ERS2540959,ERR2624349,ERR2624349_1.fastq,ERR2624349_2.fastq
ERS2540960,ERR2624371,ERR2624371_1.fastq,ERR2624371_2.fastq
ERS2540961,ERR2624286,ERR2624286_1.fastq,ERR2624286_2.fastq
ERS2540962,ERR2624118,ERR2624118_1.fastq,ERR2624118_2.fastq
ERS2540963,ERR2624277,ERR2624277_1.fastq,ERR2624277_2.fastq
ERS2540964,ERR2624331,ERR2624331_1.fastq,ERR2624331_2.fastq
ERS2540965,ERR2624236,ERR2624236_1.fastq,ERR2624236_2.fastq
ERS2540966,ERR2624324,ERR2624324_1.fastq,ERR2624324_2.fastq
ERS2540967,ERR2624479,ERR2624479_1.fastq,ERR2624479_2.fastq
ERS2540968,ERR2624131,ERR2624131_1.fastq,ERR2624131_2.fastq
ERS2540969,ERR2624425,ERR2624425_1.fastq,ERR2624425_2.fastq
ERS2540970,ERR2624493,ERR2624493_1.fastq,ERR2624493_2.fastq
ERS2540971,ERR2624238,ERR2624238_1.fastq,ERR2624238_2.fastq
ERS2540972,ERR2624485,ERR2624485_1.fastq,ERR2624485_2.fastq
ERS2540973,ERR2624317,ERR2624317_1.fastq,ERR2624317_2.fastq
ERS2540974,ERR2624233,ERR2624233_1.fastq,ERR2624233_2.fastq
ERS2540975,ERR2624413,ERR2624413_1.fastq,ERR2624413_2.fastq
ERS2540976,ERR2624146,ERR2624146_1.fastq,ERR2624146_2.fastq
ERS2540977,ERR2624292,ERR2624292_1.fastq,ERR2624292_2.fastq
ERS2540978,ERR2624215,ERR2624215_1.fastq,ERR2624215_2.fastq
ERS2540979,ERR2624421,ERR2624421_1.fastq,ERR2624421_2.fastq
ERS2540980,ERR2624369,ERR2624369_1.fastq,ERR2624369_2.fastq
ERS2540981,ERR2624267,ERR2624267_1.fastq,ERR2624267_2.fastq
ERS2540982,ERR2624198,ERR2624198_1.fastq,ERR2624198_2.fastq
ERS2540983,ERR2624294,ERR2624294_1.fastq,ERR2624294_2.fastq
ERS2540984,ERR2624240,ERR2624240_1.fastq,ERR2624240_2.fastq
ERS2540985,ERR2624476,ERR2624476_1.fastq,ERR2624476_2.fastq
ERS2540986,ERR2624214,ERR2624214_1.fastq,ERR2624214_2.fastq
ERS2540987,ERR2624226,ERR2624226_1.fastq,ERR2624226_2.fastq
ERS2540988,ERR2624192,ERR2624192_1.fastq,ERR2624192_2.fastq
ERS2540989,ERR2624447,ERR2624447_1.fastq,ERR2624447_2.fastq
ERS2540990,ERR2624221,ERR2624221_1.fastq,ERR2624221_2.fastq
ERS2540991,ERR2624253,ERR2624253_1.fastq,ERR2624253_2.fastq
ERS2540992,ERR2624183,ERR2624183_1.fastq,ERR2624183_2.fastq
ERS2540993,ERR2624159,ERR2624159_1.fastq,ERR2624159_2.fastq
ERS2540994,ERR2624280,ERR2624280_1.fastq,ERR2624280_2.fastq
ERS2540995,ERR2624403,ERR2624403_1.fastq,ERR2624403_2.fastq
ERS2540996,ERR2624252,ERR2624252_1.fastq,ERR2624252_2.fastq
ERS2540997,ERR2624266,ERR2624266_1.fastq,ERR2624266_2.fastq
ERS2540998,ERR2624284,ERR2624284_1.fastq,ERR2624284_2.fastq
ERS2540999,ERR2624231,ERR2624231_1.fastq,ERR2624231_2.fastq
ERS2541000,ERR2624193,ERR2624193_1.fastq,ERR2624193_2.fastq
ERS2541001,ERR2624361,ERR2624361_1.fastq,ERR2624361_2.fastq
ERS2541002,ERR2624181,ERR2624181_1.fastq,ERR2624181_2.fastq
ERS2541003,ERR2624418,ERR2624418_1.fastq,ERR2624418_2.fastq
ERS2541004,ERR2624185,ERR2624185_1.fastq,ERR2624185_2.fastq
ERS2541005,ERR2624216,ERR2624216_1.fastq,ERR2624216_2.fastq
ERS2541006,ERR2624429,ERR2624429_1.fastq,ERR2624429_2.fastq
ERS2541007,ERR2624196,ERR2624196_1.fastq,ERR2624196_2.fastq
ERS2541008,ERR2624442,ERR2624442_1.fastq,ERR2624442_2.fastq
ERS2541009,ERR2624466,ERR2624466_1.fastq,ERR2624466_2.fastq
ERS2541010,ERR2624320,ERR2624320_1.fastq,ERR2624320_2.fastq
ERS2541011,ERR2624096,ERR2624096_1.fastq,ERR2624096_2.fastq
ERS2541012,ERR2624387,ERR2624387_1.fastq,ERR2624387_2.fastq
ERS2541013,ERR2624367,ERR2624367_1.fastq,ERR2624367_2.fastq
ERS2541014,ERR2624275,ERR2624275_1.fastq,ERR2624275_2.fastq
ERS2541015,ERR2624422,ERR2624422_1.fastq,ERR2624422_2.fastq
ERS2541016,ERR2624346,ERR2624346_1.fastq,ERR2624346_2.fastq
ERS2541017,ERR2624306,ERR2624306_1.fastq,ERR2624306_2.fastq
ERS2541018,ERR2624225,ERR2624225_1.fastq,ERR2624225_2.fastq
ERS2541019,ERR2624350,ERR2624350_1.fastq,ERR2624350_2.fastq
ERS2541020,ERR2624127,ERR2624127_1.fastq,ERR2624127_2.fastq
ERS2541021,ERR2624352,ERR2624352_1.fastq,ERR2624352_2.fastq
ERS2541022,ERR2624115,ERR2624115_1.fastq,ERR2624115_2.fastq
ERS2541023,ERR2624141,ERR2624141_1.fastq,ERR2624141_2.fastq
ERS2541024,ERR2624230,ERR2624230_1.fastq,ERR2624230_2.fastq
ERS2541025,ERR2624140,ERR2624140_1.fastq,ERR2624140_2.fastq
ERS2541026,ERR2624132,ERR2624132_1.fastq,ERR2624132_2.fastq
ERS2541027,ERR2624165,ERR2624165_1.fastq,ERR2624165_2.fastq
ERS2541028,ERR2624465,ERR2624465_1.fastq,ERR2624465_2.fastq
ERS2541029,ERR2624358,ERR2624358_1.fastq,ERR2624358_2.fastq
ERS2541030,ERR2624300,ERR2624300_1.fastq,ERR2624300_2.fastq
ERS2541031,ERR2624148,ERR2624148_1.fastq,ERR2624148_2.fastq
ERS2541032,ERR2624497,ERR2624497_1.fastq,ERR2624497_2.fastq
ERS2541033,ERR2624268,ERR2624268_1.fastq,ERR2624268_2.fastq
ERS2541034,ERR2624353,ERR2624353_1.fastq,ERR2624353_2.fastq
ERS2541035,ERR2624380,ERR2624380_1.fastq,ERR2624380_2.fastq
ERS2541036,ERR2624456,ERR2624456_1.fastq,ERR2624456_2.fastq
ERS2541037,ERR2624222,ERR2624222_1.fastq,ERR2624222_2.fastq
ERS2541038,ERR2624288,ERR2624288_1.fastq,ERR2624288_2.fastq
ERS2541039,ERR2624399,ERR2624399_1.fastq,ERR2624399_2.fastq
ERS2541040,ERR2624484,ERR2624484_1.fastq,ERR2624484_2.fastq
ERS2541041,ERR2624400,ERR2624400_1.fastq,ERR2624400_2.fastq
ERS2541042,ERR2624151,ERR2624151_1.fastq,ERR2624151_2.fastq
ERS2541043,ERR2624329,ERR2624329_1.fastq,ERR2624329_2.fastq
ERS2541044,ERR2624414,ERR2624414_1.fastq,ERR2624414_2.fastq
ERS2541045,ERR2624209,ERR2624209_1.fastq,ERR2624209_2.fastq
ERS2541046,ERR2624184,ERR2624184_1.fastq,ERR2624184_2.fastq
ERS2541047,ERR2624210,ERR2624210_1.fastq,ERR2624210_2.fastq
ERS2541048,ERR2624164,ERR2624164_1.fastq,ERR2624164_2.fastq
ERS2541049,ERR2624145,ERR2624145_1.fastq,ERR2624145_2.fastq
ERS2541050,ERR2624285,ERR2624285_1.fastq,ERR2624285_2.fastq
ERS2541051,ERR2624171,ERR2624171_1.fastq,ERR2624171_2.fastq
ERS2541052,ERR2624270,ERR2624270_1.fastq,ERR2624270_2.fastq
ERS2541053,ERR2624458,ERR2624458_1.fastq,ERR2624458_2.fastq
ERS2541054,ERR2624245,ERR2624245_1.fastq,ERR2624245_2.fastq
ERS2541055,ERR2624281,ERR2624281_1.fastq,ERR2624281_2.fastq
ERS2541056,ERR2624337,ERR2624337_1.fastq,ERR2624337_2.fastq
ERS2541057,ERR2624237,ERR2624237_1.fastq,ERR2624237_2.fastq
ERS2541058,ERR2624092,ERR2624092_1.fastq,ERR2624092_2.fastq
ERS2541059,ERR2624323,ERR2624323_1.fastq,ERR2624323_2.fastq
ERS2541060,ERR2624168,ERR2624168_1.fastq,ERR2624168_2.fastq
ERS2541061,ERR2624166,ERR2624166_1.fastq,ERR2624166_2.fastq
ERS2541062,ERR2624504,ERR2624504_1.fastq,ERR2624504_2.fastq
ERS2541063,ERR2624501,ERR2624501_1.fastq,ERR2624501_2.fastq
ERS2541064,ERR2624174,ERR2624174_1.fastq,ERR2624174_2.fastq
ERS2541065,ERR2624469,ERR2624469_1.fastq,ERR2624469_2.fastq
ERS2541066,ERR2624360,ERR2624360_1.fastq,ERR2624360_2.fastq
ERS2541067,ERR2624463,ERR2624463_1.fastq,ERR2624463_2.fastq
ERS2541068,ERR2624446,ERR2624446_1.fastq,ERR2624446_2.fastq
ERS2541069,ERR2624272,ERR2624272_1.fastq,ERR2624272_2.fastq
ERS2541070,ERR2624263,ERR2624263_1.fastq,ERR2624263_2.fastq
ERS2541071,ERR2624468,ERR2624468_1.fastq,ERR2624468_2.fastq
ERS2541072,ERR2624264,ERR2624264_1.fastq,ERR2624264_2.fastq
ERS2541073,ERR2624208,ERR2624208_1.fastq,ERR2624208_2.fastq
ERS2541074,ERR2624162,ERR2624162_1.fastq,ERR2624162_2.fastq
ERS2541075,ERR2624499,ERR2624499_1.fastq,ERR2624499_2.fastq
ERS2541076,ERR2624154,ERR2624154_1.fastq,ERR2624154_2.fastq
ERS2541077,ERR2624477,ERR2624477_1.fastq,ERR2624477_2.fastq
ERS2541081,ERR2624339,ERR2624339_1.fastq,ERR2624339_2.fastq
ERS2541082,ERR2624244,ERR2624244_1.fastq,ERR2624244_2.fastq
ERS2541083,ERR2624338,ERR2624338_1.fastq,ERR2624338_2.fastq
ERS2541084,ERR2624128,ERR2624128_1.fastq,ERR2624128_2.fastq
ERS2541085,ERR2624378,ERR2624378_1.fastq,ERR2624378_2.fastq
ERS2541086,ERR2624377,ERR2624377_1.fastq,ERR2624377_2.fastq
ERS2541087,ERR2624114,ERR2624114_1.fastq,ERR2624114_2.fastq
ERS2541088,ERR2624121,ERR2624121_1.fastq,ERR2624121_2.fastq
ERS2541090,ERR2624130,ERR2624130_1.fastq,ERR2624130_2.fastq
ERS2541093,ERR2624435,ERR2624435_1.fastq,ERR2624435_2.fastq
ERS2541094,ERR2624333,ERR2624333_1.fastq,ERR2624333_2.fastq
ERS2541096,ERR2624256,ERR2624256_1.fastq,ERR2624256_2.fastq
ERS2541097,ERR2624454,ERR2624454_1.fastq,ERR2624454_2.fastq
ERS2541098,ERR2624348,ERR2624348_1.fastq,ERR2624348_2.fastq
ERS2541099,ERR2624313,ERR2624313_1.fastq,ERR2624313_2.fastq
ERS2541101,ERR2624394,ERR2624394_1.fastq,ERR2624394_2.fastq
ERS2541102,ERR2624293,ERR2624293_1.fastq,ERR2624293_2.fastq
ERS2541103,ERR2624218,ERR2624218_1.fastq,ERR2624218_2.fastq
ERS2541104,ERR2624179,ERR2624179_1.fastq,ERR2624179_2.fastq
ERS2541105,ERR2624207,ERR2624207_1.fastq,ERR2624207_2.fastq
ERS2541107,ERR2624496,ERR2624496_1.fastq,ERR2624496_2.fastq
ERS2541108,ERR2624475,ERR2624475_1.fastq,ERR2624475_2.fastq
ERS2541109,ERR2624444,ERR2624444_1.fastq,ERR2624444_2.fastq
ERS2541111,ERR2624108,ERR2624108_1.fastq,ERR2624108_2.fastq
ERS2541112,ERR2624152,ERR2624152_1.fastq,ERR2624152_2.fastq
ERS2541113,ERR2624117,ERR2624117_1.fastq,ERR2624117_2.fastq
ERS2541114,ERR2624503,ERR2624503_1.fastq,ERR2624503_2.fastq
ERS2541115,ERR2624401,ERR2624401_1.fastq,ERR2624401_2.fastq
ERS2541116,ERR2624104,ERR2624104_1.fastq,ERR2624104_2.fastq
ERS2541117,ERR2624119,ERR2624119_1.fastq,ERR2624119_2.fastq
ERS2541119,ERR2624419,ERR2624419_1.fastq,ERR2624419_2.fastq
ERS2541120,ERR2624460,ERR2624460_1.fastq,ERR2624460_2.fastq
ERS2541121,ERR2624188,ERR2624188_1.fastq,ERR2624188_2.fastq
ERS2541122,ERR2624102,ERR2624102_1.fastq,ERR2624102_2.fastq
ERS2541124,ERR2624290,ERR2624290_1.fastq,ERR2624290_2.fastq
ERS2541126,ERR2624423,ERR2624423_1.fastq,ERR2624423_2.fastq
ERS2541128,ERR2624351,ERR2624351_1.fastq,ERR2624351_2.fastq
ERS2541129,ERR2624494,ERR2624494_1.fastq,ERR2624494_2.fastq
ERS2541130,ERR2624180,ERR2624180_1.fastq,ERR2624180_2.fastq
ERS2541134,ERR2624450,ERR2624450_1.fastq,ERR2624450_2.fastq
ERS2541135,ERR2624392,ERR2624392_1.fastq,ERR2624392_2.fastq
ERS2541136,ERR2624120,ERR2624120_1.fastq,ERR2624120_2.fastq
ERS2541138,ERR2624176,ERR2624176_1.fastq,ERR2624176_2.fastq
ERS2541140,ERR2624149,ERR2624149_1.fastq,ERR2624149_2.fastq
ERS2541141,ERR2624206,ERR2624206_1.fastq,ERR2624206_2.fastq
ERS2541142,ERR2624234,ERR2624234_1.fastq,ERR2624234_2.fastq
ERS2541145,ERR2624259,ERR2624259_1.fastq,ERR2624259_2.fastq
ERS2541146,ERR2624412,ERR2624412_1.fastq,ERR2624412_2.fastq
ERS2541147,ERR2624091,ERR2624091_1.fastq,ERR2624091_2.fastq
ERS2541148,ERR2624187,ERR2624187_1.fastq,ERR2624187_2.fastq
ERS2541149,ERR2624301,ERR2624301_1.fastq,ERR2624301_2.fastq
ERS2541150,ERR2624388,ERR2624388_1.fastq,ERR2624388_2.fastq
ERS2541152,ERR2624158,ERR2624158_1.fastq,ERR2624158_2.fastq
ERS2541153,ERR2624402,ERR2624402_1.fastq,ERR2624402_2.fastq
ERS2541154,ERR2624502,ERR2624502_1.fastq,ERR2624502_2.fastq
ERS2541156,ERR2624113,ERR2624113_1.fastq,ERR2624113_2.fastq
ERS2541157,ERR2624355,ERR2624355_1.fastq,ERR2624355_2.fastq
ERS2541159,ERR2624314,ERR2624314_1.fastq,ERR2624314_2.fastq
ERS2541160,ERR2624094,ERR2624094_1.fastq,ERR2624094_2.fastq
ERS2541161,ERR2624090,ERR2624090_1.fastq,ERR2624090_2.fastq
ERS2541162,ERR2624480,ERR2624480_1.fastq,ERR2624480_2.fastq
ERS2541163,ERR2624255,ERR2624255_1.fastq,ERR2624255_2.fastq
ERS2541164,ERR2624327,ERR2624327_1.fastq,ERR2624327_2.fastq
ERS2541165,ERR2624491,ERR2624491_1.fastq,ERR2624491_2.fastq
ERS2541166,ERR2624101,ERR2624101_1.fastq,ERR2624101_2.fastq
ERS2541167,ERR2624134,ERR2624134_1.fastq,ERR2624134_2.fastq
ERS2541169,ERR2624170,ERR2624170_1.fastq,ERR2624170_2.fastq
ERS2541170,ERR2624467,ERR2624467_1.fastq,ERR2624467_2.fastq
ERS2541171,ERR2624298,ERR2624298_1.fastq,ERR2624298_2.fastq
ERS2541172,ERR2624398,ERR2624398_1.fastq,ERR2624398_2.fastq
ERS2541176,ERR2624297,ERR2624297_1.fastq,ERR2624297_2.fastq
ERS2541177,ERR2624160,ERR2624160_1.fastq,ERR2624160_2.fastq
ERS2541178,ERR2624138,ERR2624138_1.fastq,ERR2624138_2.fastq
ERS2541180,ERR2624241,ERR2624241_1.fastq,ERR2624241_2.fastq
ERS2541181,ERR2624464,ERR2624464_1.fastq,ERR2624464_2.fastq
ERS2541182,ERR2624322,ERR2624322_1.fastq,ERR2624322_2.fastq
ERS2541183,ERR2624345,ERR2624345_1.fastq,ERR2624345_2.fastq
ERS2541184,ERR2624258,ERR2624258_1.fastq,ERR2624258_2.fastq
ERS2541186,ERR2624330,ERR2624330_1.fastq,ERR2624330_2.fastq
ERS2541188,ERR2624161,ERR2624161_1.fastq,ERR2624161_2.fastq
ERS2541190,ERR2624248,ERR2624248_1.fastq,ERR2624248_2.fastq
ERS2541192,ERR2624246,ERR2624246_1.fastq,ERR2624246_2.fastq
ERS2541194,ERR2624199,ERR2624199_1.fastq,ERR2624199_2.fastq
ERS2541195,ERR2624316,ERR2624316_1.fastq,ERR2624316_2.fastq
ERS2541196,ERR2624411,ERR2624411_1.fastq,ERR2624411_2.fastq
ERS2541198,ERR2624299,ERR2624299_1.fastq,ERR2624299_2.fastq
ERS2541202,ERR2624417,ERR2624417_1.fastq,ERR2624417_2.fastq
ERS2541204,ERR2624488,ERR2624488_1.fastq,ERR2624488_2.fastq
ERS2541205,ERR2624389,ERR2624389_1.fastq,ERR2624389_2.fastq
ERS2541207,ERR2624483,ERR2624483_1.fastq,ERR2624483_2.fastq
ERS2541208,ERR2624177,ERR2624177_1.fastq,ERR2624177_2.fastq
ERS2541210,ERR2624279,ERR2624279_1.fastq,ERR2624279_2.fastq
ERS2541211,ERR2624155,ERR2624155_1.fastq,ERR2624155_2.fastq
ERS2541212,ERR2624354,ERR2624354_1.fastq,ERR2624354_2.fastq
ERS2541213,ERR2624420,ERR2624420_1.fastq,ERR2624420_2.fastq
ERS2541215,ERR2624312,ERR2624312_1.fastq,ERR2624312_2.fastq
ERS2541216,ERR2624453,ERR2624453_1.fastq,ERR2624453_2.fastq
ERS2541218,ERR2624211,ERR2624211_1.fastq,ERR2624211_2.fastq
ERS2541219,ERR2624376,ERR2624376_1.fastq,ERR2624376_2.fastq
ERS2541220,ERR2624495,ERR2624495_1.fastq,ERR2624495_2.fastq
ERS2541221,ERR2624375,ERR2624375_1.fastq,ERR2624375_2.fastq
ERS2541222,ERR2624116,ERR2624116_1.fastq,ERR2624116_2.fastq
ERS2541225,ERR2624283,ERR2624283_1.fastq,ERR2624283_2.fastq
ERS2541226,ERR2624365,ERR2624365_1.fastq,ERR2624365_2.fastq
ERS2541228,ERR2624340,ERR2624340_1.fastq,ERR2624340_2.fastq
ERS2541229,ERR2624125,ERR2624125_1.fastq,ERR2624125_2.fastq
ERS2541230,ERR2624356,ERR2624356_1.fastq,ERR2624356_2.fastq
ERS2541232,ERR2624332,ERR2624332_1.fastq,ERR2624332_2.fastq
ERS2541234,ERR2624489,ERR2624489_1.fastq,ERR2624489_2.fastq
ERS2541236,ERR2624197,ERR2624197_1.fastq,ERR2624197_2.fastq
ERS2541238,ERR2624363,ERR2624363_1.fastq,ERR2624363_2.fastq
ERS2541240,ERR2624416,ERR2624416_1.fastq,ERR2624416_2.fastq
ERS2541241,ERR2624144,ERR2624144_1.fastq,ERR2624144_2.fastq
ERS2541242,ERR2624126,ERR2624126_1.fastq,ERR2624126_2.fastq
ERS2541244,ERR2624424,ERR2624424_1.fastq,ERR2624424_2.fastq
ERS2541245,ERR2624247,ERR2624247_1.fastq,ERR2624247_2.fastq
ERS2541246,ERR2624481,ERR2624481_1.fastq,ERR2624481_2.fastq
ERS2541247,ERR2624406,ERR2624406_1.fastq,ERR2624406_2.fastq
ERS2541248,ERR2624129,ERR2624129_1.fastq,ERR2624129_2.fastq
ERS2541249,ERR2624105,ERR2624105_1.fastq,ERR2624105_2.fastq
ERS2541250,ERR2624143,ERR2624143_1.fastq,ERR2624143_2.fastq
ERS2541251,ERR2624110,ERR2624110_1.fastq,ERR2624110_2.fastq
ERS2541252,ERR2624472,ERR2624472_1.fastq,ERR2624472_2.fastq
ERS2541256,ERR2624093,ERR2624093_1.fastq,ERR2624093_2.fastq
ERS2541258,ERR2624106,ERR2624106_1.fastq,ERR2624106_2.fastq
ERS2541259,ERR2624445,ERR2624445_1.fastq,ERR2624445_2.fastq
ERS2541264,ERR2624428,ERR2624428_1.fastq,ERR2624428_2.fastq
ERS2541266,ERR2624305,ERR2624305_1.fastq,ERR2624305_2.fastq
ERS2541267,ERR2624273,ERR2624273_1.fastq,ERR2624273_2.fastq
ERS2541268,ERR2624431,ERR2624431_1.fastq,ERR2624431_2.fastq
ERS2541270,ERR2624474,ERR2624474_1.fastq,ERR2624474_2.fastq
ERS2541271,ERR2624303,ERR2624303_1.fastq,ERR2624303_2.fastq
ERS2541272,ERR2624269,ERR2624269_1.fastq,ERR2624269_2.fastq
ERS2541273,ERR2624194,ERR2624194_1.fastq,ERR2624194_2.fastq
ERS2541274,ERR2624203,ERR2624203_1.fastq,ERR2624203_2.fastq
ERS2541275,ERR2624443,ERR2624443_1.fastq,ERR2624443_2.fastq
ERS2541279,ERR2624133,ERR2624133_1.fastq,ERR2624133_2.fastq
ERS2541280,ERR2624461,ERR2624461_1.fastq,ERR2624461_2.fastq
ERS2541283,ERR2624408,ERR2624408_1.fastq,ERR2624408_2.fastq
ERS2541284,ERR2624112,ERR2624112_1.fastq,ERR2624112_2.fastq
ERS2541286,ERR2624153,ERR2624153_1.fastq,ERR2624153_2.fastq
ERS2541287,ERR2624235,ERR2624235_1.fastq,ERR2624235_2.fastq
ERS2541288,ERR2624459,ERR2624459_1.fastq,ERR2624459_2.fastq
ERS2541289,ERR2624366,ERR2624366_1.fastq,ERR2624366_2.fastq
ERS2541290,ERR2624271,ERR2624271_1.fastq,ERR2624271_2.fastq
ERS2541291,ERR2624276,ERR2624276_1.fastq,ERR2624276_2.fastq
ERS2541292,ERR2624325,ERR2624325_1.fastq,ERR2624325_2.fastq
ERS2541293,ERR2624426,ERR2624426_1.fastq,ERR2624426_2.fastq
ERS2541294,ERR2624441,ERR2624441_1.fastq,ERR2624441_2.fastq
ERS2541295,ERR2624427,ERR2624427_1.fastq,ERR2624427_2.fastq
ERS2541296,ERR2624430,ERR2624430_1.fastq,ERR2624430_2.fastq
ERS2541297,ERR2624195,ERR2624195_1.fastq,ERR2624195_2.fastq
ERS2541298,ERR2624291,ERR2624291_1.fastq,ERR2624291_2.fastq
ERS2541299,ERR2624239,ERR2624239_1.fastq,ERR2624239_2.fastq
ERS2541300,ERR2624410,ERR2624410_1.fastq,ERR2624410_2.fastq
ERS2541301,ERR2624478,ERR2624478_1.fastq,ERR2624478_2.fastq
ERS2541302,ERR2624486,ERR2624486_1.fastq,ERR2624486_2.fastq
ERS2541303,ERR2624232,ERR2624232_1.fastq,ERR2624232_2.fastq
ERS2541304,ERR2624219,ERR2624219_1.fastq,ERR2624219_2.fastq
ERS2541305,ERR2624319,ERR2624319_1.fastq,ERR2624319_2.fastq
ERS2541306,ERR2624391,ERR2624391_1.fastq,ERR2624391_2.fastq
ERS2541307,ERR2624201,ERR2624201_1.fastq,ERR2624201_2.fastq
ERS2541308,ERR2624191,ERR2624191_1.fastq,ERR2624191_2.fastq
ERS2541309,ERR2624212,ERR2624212_1.fastq,ERR2624212_2.fastq
ERS2541310,ERR2624147,ERR2624147_1.fastq,ERR2624147_2.fastq
ERS2541311,ERR2624205,ERR2624205_1.fastq,ERR2624205_2.fastq
ERS2541312,ERR2624178,ERR2624178_1.fastq,ERR2624178_2.fastq
ERS2541313,ERR2624262,ERR2624262_1.fastq,ERR2624262_2.fastq
ERS2541314,ERR2624359,ERR2624359_1.fastq,ERR2624359_2.fastq
ERS2541315,ERR2624278,ERR2624278_1.fastq,ERR2624278_2.fastq
ERS2541316,ERR2624097,ERR2624097_1.fastq,ERR2624097_2.fastq
ERS2541317,ERR2624122,ERR2624122_1.fastq,ERR2624122_2.fastq
ERS2541318,ERR2624436,ERR2624436_1.fastq,ERR2624436_2.fastq
ERS2541319,ERR2624470,ERR2624470_1.fastq,ERR2624470_2.fastq
ERS2541320,ERR2624482,ERR2624482_1.fastq,ERR2624482_2.fastq
ERS2541321,ERR2624434,ERR2624434_1.fastq,ERR2624434_2.fastq
ERS2541323,ERR2624374,ERR2624374_1.fastq,ERR2624374_2.fastq
ERS2541324,ERR2624315,ERR2624315_1.fastq,ERR2624315_2.fastq
ERS2541325,ERR2624462,ERR2624462_1.fastq,ERR2624462_2.fastq
ERS2541326,ERR2624169,ERR2624169_1.fastq,ERR2624169_2.fastq
ERS2541327,ERR2624343,ERR2624343_1.fastq,ERR2624343_2.fastq
ERS2541328,ERR2624404,ERR2624404_1.fastq,ERR2624404_2.fastq
ERS2541329,ERR2624109,ERR2624109_1.fastq,ERR2624109_2.fastq
ERS2541330,ERR2624227,ERR2624227_1.fastq,ERR2624227_2.fastq
ERS2541331,ERR2624393,ERR2624393_1.fastq,ERR2624393_2.fastq
ERS2541332,ERR2624175,ERR2624175_1.fastq,ERR2624175_2.fastq
ERS2541333,ERR2624382,ERR2624382_1.fastq,ERR2624382_2.fastq
ERS2541334,ERR2624124,ERR2624124_1.fastq,ERR2624124_2.fastq
ERS2541335,ERR2624100,ERR2624100_1.fastq,ERR2624100_2.fastq
ERS2541336,ERR2624173,ERR2624173_1.fastq,ERR2624173_2.fastq
ERS2541337,ERR2624309,ERR2624309_1.fastq,ERR2624309_2.fastq
ERS2541338,ERR2624397,ERR2624397_1.fastq,ERR2624397_2.fastq
ERS2541339,ERR2624500,ERR2624500_1.fastq,ERR2624500_2.fastq
ERS2541340,ERR2624136,ERR2624136_1.fastq,ERR2624136_2.fastq
ERS2541341,ERR2624229,ERR2624229_1.fastq,ERR2624229_2.fastq
ERS2541342,ERR2624321,ERR2624321_1.fastq,ERR2624321_2.fastq
ERS2541343,ERR2624274,ERR2624274_1.fastq,ERR2624274_2.fastq
ERS2541344,ERR2624157,ERR2624157_1.fastq,ERR2624157_2.fastq
ERS2541345,ERR2624370,ERR2624370_1.fastq,ERR2624370_2.fastq
ERS2541346,ERR2624260,ERR2624260_1.fastq,ERR2624260_2.fastq
ERS2541347,ERR2624362,ERR2624362_1.fastq,ERR2624362_2.fastq
ERS2541348,ERR2624395,ERR2624395_1.fastq,ERR2624395_2.fastq
ERS2541349,ERR2624224,ERR2624224_1.fastq,ERR2624224_2.fastq
ERS2541350,ERR2624409,ERR2624409_1.fastq,ERR2624409_2.fastq
ERS2541351,ERR2624310,ERR2624310_1.fastq,ERR2624310_2.fastq
ERS2541352,ERR2624257,ERR2624257_1.fastq,ERR2624257_2.fastq
ERS2541353,ERR2624364,ERR2624364_1.fastq,ERR2624364_2.fastq
ERS2541354,ERR2624498,ERR2624498_1.fastq,ERR2624498_2.fastq
ERS2541355,ERR2624137,ERR2624137_1.fastq,ERR2624137_2.fastq
ERS2541356,ERR2624452,ERR2624452_1.fastq,ERR2624452_2.fastq
ERS2541357,ERR2624311,ERR2624311_1.fastq,ERR2624311_2.fastq
ERS2541358,ERR2624204,ERR2624204_1.fastq,ERR2624204_2.fastq
ERS2541359,ERR2624336,ERR2624336_1.fastq,ERR2624336_2.fastq
ERS2541360,ERR2624471,ERR2624471_1.fastq,ERR2624471_2.fastq
ERS2541361,ERR2624372,ERR2624372_1.fastq,ERR2624372_2.fastq
ERS2541362,ERR2624455,ERR2624455_1.fastq,ERR2624455_2.fastq
ERS2541363,ERR2624287,ERR2624287_1.fastq,ERR2624287_2.fastq
ERS2541364,ERR2624182,ERR2624182_1.fastq,ERR2624182_2.fastq
ERS2541365,ERR2624295,ERR2624295_1.fastq,ERR2624295_2.fastq
ERS2541366,ERR2624342,ERR2624342_1.fastq,ERR2624342_2.fastq
ERS2541367,ERR2624302,ERR2624302_1.fastq,ERR2624302_2.fastq
ERS2541368,ERR2624390,ERR2624390_1.fastq,ERR2624390_2.fastq
ERS2541369,ERR2624373,ERR2624373_1.fastq,ERR2624373_2.fastq
ERS2541370,ERR2624304,ERR2624304_1.fastq,ERR2624304_2.fastq
ERS2541371,ERR2624296,ERR2624296_1.fastq,ERR2624296_2.fastq
ERS2541372,ERR2624289,ERR2624289_1.fastq,ERR2624289_2.fastq
ERS2541373,ERR2624261,ERR2624261_1.fastq,ERR2624261_2.fastq
ERS2541374,ERR2624328,ERR2624328_1.fastq,ERR2624328_2.fastq
ERS2541375,ERR2624473,ERR2624473_1.fastq,ERR2624473_2.fastq
ERS2541376,ERR2624407,ERR2624407_1.fastq,ERR2624407_2.fastq
ERS2541377,ERR2624457,ERR2624457_1.fastq,ERR2624457_2.fastq
ERS2541378,ERR2624335,ERR2624335_1.fastq,ERR2624335_2.fastq
ERS2541379,ERR2624347,ERR2624347_1.fastq,ERR2624347_2.fastq
ERS2541380,ERR2624213,ERR2624213_1.fastq,ERR2624213_2.fastq
ERS2541381,ERR2624167,ERR2624167_1.fastq,ERR2624167_2.fastq
ERS2541382,ERR2624190,ERR2624190_1.fastq,ERR2624190_2.fastq
ERS2541384,ERR2624386,ERR2624386_1.fastq,ERR2624386_2.fastq
ERS2541385,ERR2624123,ERR2624123_1.fastq,ERR2624123_2.fastq
ERS2541386,ERR2624396,ERR2624396_1.fastq,ERR2624396_2.fastq
ERS2541387,ERR2624405,ERR2624405_1.fastq,ERR2624405_2.fastq
ERS2541388,ERR2624107,ERR2624107_1.fastq,ERR2624107_2.fastq
ERS2541389,ERR2624381,ERR2624381_1.fastq,ERR2624381_2.fastq
ERS2541390,ERR2624379,ERR2624379_1.fastq,ERR2624379_2.fastq
ERS2541391,ERR2624487,ERR2624487_1.fastq,ERR2624487_2.fastq
ERS2541392,ERR2624318,ERR2624318_1.fastq,ERR2624318_2.fastq
ERS2541393,ERR2624433,ERR2624433_1.fastq,ERR2624433_2.fastq
ERS2541394,ERR2624111,ERR2624111_1.fastq,ERR2624111_2.fastq
ERS2541395,ERR2624200,ERR2624200_1.fastq,ERR2624200_2.fastq
ERS2541396,ERR2624243,ERR2624243_1.fastq,ERR2624243_2.fastq
ERS2541397,ERR2624341,ERR2624341_1.fastq,ERR2624341_2.fastq
ERS2541398,ERR2624254,ERR2624254_1.fastq,ERR2624254_2.fastq
ERS2541399,ERR2624228,ERR2624228_1.fastq,ERR2624228_2.fastq
ERS2541400,ERR2624368,ERR2624368_1.fastq,ERR2624368_2.fastq
ERS2541401,ERR2624223,ERR2624223_1.fastq,ERR2624223_2.fastq
ERS2541402,ERR2624098,ERR2624098_1.fastq,ERR2624098_2.fastq
ERS2541403,ERR2624220,ERR2624220_1.fastq,ERR2624220_2.fastq
ERS2541404,ERR2624282,ERR2624282_1.fastq,ERR2624282_2.fastq
ERS2541405,ERR2624163,ERR2624163_1.fastq,ERR2624163_2.fastq
ERS542301,ERR842481,ERR842481_1.fastq,ERR842481_2.fastq
ERS542302,ERR842482,ERR842482_1.fastq,ERR842482_2.fastq
ERS542303,ERR842483,ERR842483_1.fastq,ERR842483_2.fastq
ERS542306,ERR842485,ERR842485_1.fastq,ERR842485_2.fastq
ERS542309,ERR842488,ERR842488_1.fastq,ERR842488_2.fastq
ERS542310,ERR842489,ERR842489_1.fastq,ERR842489_2.fastq
ERS542311,ERR842490,ERR842490_1.fastq,ERR842490_2.fastq
ERS542312,ERR842491,ERR842491_1.fastq,ERR842491_2.fastq
ERS542317,ERR842495,ERR842495_1.fastq,ERR842495_2.fastq
ERS542321,ERR842496,ERR842496_1.fastq,ERR842496_2.fastq
ERS542324,ERR842497,ERR842497_1.fastq,ERR842497_2.fastq
ERS542325,ERR842477,ERR842477_1.fastq,ERR842477_2.fastq
ERS542326,ERR842498,ERR842498_1.fastq,ERR842498_2.fastq
ERS542328,ERR842500,ERR842500_1.fastq,ERR842500_2.fastq
ERS542334,ERR842505,ERR842505_1.fastq,ERR842505_2.fastq
ERS542335,ERR842506,ERR842506_1.fastq,ERR842506_2.fastq
ERS542336,ERR842507,ERR842507_1.fastq,ERR842507_2.fastq
ERS542340,ERR842510,ERR842510_1.fastq,ERR842510_2.fastq
ERS542341,ERR842511,ERR842511_1.fastq,ERR842511_2.fastq
ERS542342,ERR842512,ERR842512_1.fastq,ERR842512_2.fastq
ERS542343,ERR842513,ERR842513_1.fastq,ERR842513_2.fastq
ERS542344,ERR842514,ERR842514_1.fastq,ERR842514_2.fastq
ERS542361,ERR842530,ERR842530_1.fastq,ERR842530_2.fastq
ERS542366,ERR842534,ERR842534_1.fastq,ERR842534_2.fastq
ERS542374,ERR842541,ERR842541_1.fastq,ERR842541_2.fastq
ERS542389,ERR842555,ERR842555_1.fastq,ERR842555_2.fastq
ERS542391,ERR842557,ERR842557_1.fastq,ERR842557_2.fastq
ERS542392,ERR842634,ERR842634_1.fastq,ERR842634_2.fastq
ERS542394,ERR842635,ERR842635_1.fastq,ERR842635_2.fastq
ERS542396,ERR842637,ERR842637_1.fastq,ERR842637_2.fastq
ERS542397,ERR842638,ERR842638_1.fastq,ERR842638_2.fastq
ERS542398,ERR842639,ERR842639_1.fastq,ERR842639_2.fastq
ERS542400,ERR842640,ERR842640_1.fastq,ERR842640_2.fastq
ERS542403,ERR852919,ERR852919_1.fastq,ERR852919_2.fastq
ERS542406,ERR842644,ERR842644_1.fastq,ERR842644_2.fastq
ERS542410,ERR852923,ERR852923_1.fastq,ERR852923_2.fastq
ERS542411,ERR852924,ERR852924_1.fastq,ERR852924_2.fastq
ERS542413,ERR842647,ERR842647_1.fastq,ERR842647_2.fastq
ERS542414,ERR852925,ERR852925_1.fastq,ERR852925_2.fastq
ERS542415,ERR852926,ERR852926_1.fastq,ERR852926_2.fastq
ERS542429,ERR842658,ERR842658_1.fastq,ERR842658_2.fastq
ERS542434,ERR842661,ERR842661_1.fastq,ERR842661_2.fastq
ERS542435,ERR842662,ERR842662_1.fastq,ERR842662_2.fastq
ERS542436,ERR842663,ERR842663_1.fastq,ERR842663_2.fastq
ERS542437,ERR842664,ERR842664_1.fastq,ERR842664_2.fastq
ERS542440,ERR842666,ERR842666_1.fastq,ERR842666_2.fastq
ERS542442,ERR842668,ERR842668_1.fastq,ERR842668_2.fastq
ERS542445,ERR842670,ERR842670_1.fastq,ERR842670_2.fastq
ERS542448,ERR842672,ERR842672_1.fastq,ERR842672_2.fastq
ERS542451,ERR842675,ERR842675_1.fastq,ERR842675_2.fastq
ERS542452,ERR842676,ERR842676_1.fastq,ERR842676_2.fastq
ERS542453,ERR842677,ERR842677_1.fastq,ERR842677_2.fastq
ERS542456,ERR852936,ERR852936_1.fastq,ERR852936_2.fastq
ERS542459,ERR842680,ERR842680_1.fastq,ERR842680_2.fastq
ERS542468,ERR842689,ERR842689_1.fastq,ERR842689_2.fastq
ERS542470,ERR842690,ERR842690_1.fastq,ERR842690_2.fastq
ERS542471,ERR842691,ERR842691_1.fastq,ERR842691_2.fastq
ERS542484,ERR842704,ERR842704_1.fastq,ERR842704_2.fastq
ERS542488,ERR842558,ERR842558_1.fastq,ERR842558_2.fastq
ERS542489,ERR842559,ERR842559_1.fastq,ERR842559_2.fastq
ERS542490,ERR842560,ERR842560_1.fastq,ERR842560_2.fastq
ERS542494,ERR842563,ERR842563_1.fastq,ERR842563_2.fastq
ERS542496,ERR842565,ERR842565_1.fastq,ERR842565_2.fastq
ERS542497,ERR842566,ERR842566_1.fastq,ERR842566_2.fastq
ERS542498,ERR842567,ERR842567_1.fastq,ERR842567_2.fastq
ERS542500,ERR842569,ERR842569_1.fastq,ERR842569_2.fastq
ERS542501,ERR842570,ERR842570_1.fastq,ERR842570_2.fastq
ERS542502,ERR842571,ERR842571_1.fastq,ERR842571_2.fastq
ERS542520,ERR842589,ERR842589_1.fastq,ERR842589_2.fastq
ERS542527,ERR842593,ERR842593_1.fastq,ERR842593_2.fastq
ERS542536,ERR842599,ERR842599_1.fastq,ERR842599_2.fastq
ERS542537,ERR842600,ERR842600_1.fastq,ERR842600_2.fastq
ERS542539,ERR842602,ERR842602_1.fastq,ERR842602_2.fastq
ERS542540,ERR842603,ERR842603_1.fastq,ERR842603_2.fastq
ERS542545,ERR842607,ERR842607_1.fastq,ERR842607_2.fastq
ERS542546,ERR842608,ERR842608_1.fastq,ERR842608_2.fastq
ERS542554,ERR842612,ERR842612_1.fastq,ERR842612_2.fastq
ERS542558,ERR842614,ERR842614_1.fastq,ERR842614_2.fastq
ERS542578,ERR842628,ERR842628_1.fastq,ERR842628_2.fastq
ERS542584,ERR852960,ERR852960_1.fastq,ERR852960_2.fastq
ERS542586,ERR775391,ERR775391_1.fastq,ERR775391_2.fastq
ERS542587,ERR775392,ERR775392_1.fastq,ERR775392_2.fastq
ERS542590,ERR775395,ERR775395_1.fastq,ERR775395_2.fastq
ERS542595,ERR852963,ERR852963_1.fastq,ERR852963_2.fastq
ERS542598,ERR852965,ERR852965_1.fastq,ERR852965_2.fastq
ERS542599,ERR775398,ERR775398_1.fastq,ERR775398_2.fastq
SRS403287,SRR642858,SRR642858_1.fastq,SRR642858_2.fastq
SRS404442,SRR799061,SRR799061_1.fastq,SRR799061_2.fastq
SRS404443,SRR798290,SRR798290_1.fastq,SRR798290_2.fastq
SRS404444,SRR797707,SRR797707_1.fastq,SRR797707_2.fastq
SRS404447,SRR797736,SRR797736_1.fastq,SRR797736_2.fastq
SRS404449,SRR798638,SRR798638_1.fastq,SRR798638_2.fastq
SRS404451,SRR798735,SRR798735_1.fastq,SRR798735_2.fastq
SRS404452,SRR798582,SRR798582_1.fastq,SRR798582_2.fastq
SRS404454,SRR797763,SRR797763_1.fastq,SRR797763_2.fastq
SRS404456,SRR797737,SRR797737_1.fastq,SRR797737_2.fastq
SRS404457,SRR797723,SRR797723_1.fastq,SRR797723_2.fastq
SRS404460,SRR797740,SRR797740_1.fastq,SRR797740_2.fastq
SRS404462,SRR798691,SRR798691_1.fastq,SRR798691_2.fastq
SRS404466,SRR797733,SRR797733_1.fastq,SRR797733_2.fastq
SRS404470,SRR797748,SRR797748_1.fastq,SRR797748_2.fastq
SRS404475,SRR797746,SRR797746_1.fastq,SRR797746_2.fastq
SRS404479,SRR797807,SRR797807_1.fastq,SRR797807_2.fastq
SRS404480,SRR797784,SRR797784_1.fastq,SRR797784_2.fastq
SRS404481,SRR797754,SRR797754_1.fastq,SRR797754_2.fastq
SRS404485,SRR797760,SRR797760_1.fastq,SRR797760_2.fastq
SRS404486,SRR798186,SRR798186_1.fastq,SRR798186_2.fastq
SRS404488,SRR798765,SRR798765_1.fastq,SRR798765_2.fastq
SRS404489,SRR797764,SRR797764_1.fastq,SRR797764_2.fastq
SRS404490,SRR797765,SRR797765_1.fastq,SRR797765_2.fastq
SRS404491,SRR797766,SRR797766_1.fastq,SRR797766_2.fastq
SRS404493,SRR797768,SRR797768_1.fastq,SRR797768_2.fastq
SRS404494,SRR797778,SRR797778_1.fastq,SRR797778_2.fastq
SRS404496,SRR798211,SRR798211_1.fastq,SRR798211_2.fastq
SRS404498,SRR797791,SRR797791_1.fastq,SRR797791_2.fastq
SRS404501,SRR797782,SRR797782_1.fastq,SRR797782_2.fastq
SRS404503,SRR797785,SRR797785_1.fastq,SRR797785_2.fastq
SRS404505,SRR797789,SRR797789_1.fastq,SRR797789_2.fastq
SRS404507,SRR797793,SRR797793_1.fastq,SRR797793_2.fastq
SRS404508,SRR797794,SRR797794_1.fastq,SRR797794_2.fastq
SRS404511,SRR797799,SRR797799_1.fastq,SRR797799_2.fastq
SRS404512,SRR797800,SRR797800_1.fastq,SRR797800_2.fastq
SRS404513,SRR798677,SRR798677_1.fastq,SRR798677_2.fastq
SRS404516,SRR797808,SRR797808_1.fastq,SRR797808_2.fastq
SRS404517,SRR798270,SRR798270_1.fastq,SRR798270_2.fastq
SRS404518,SRR797810,SRR797810_1.fastq,SRR797810_2.fastq
SRS404740,SRR798138,SRR798138_1.fastq,SRR798138_2.fastq
SRS404745,SRR798140,SRR798140_1.fastq,SRR798140_2.fastq
SRS404753,SRR798697,SRR798697_1.fastq,SRR798697_2.fastq
SRS404756,SRR798163,SRR798163_1.fastq,SRR798163_2.fastq
SRS404759,SRR798915,SRR798915_1.fastq,SRR798915_2.fastq
SRS404760,SRR798175,SRR798175_1.fastq,SRR798175_2.fastq
SRS404761,SRR798870,SRR798870_1.fastq,SRR798870_2.fastq
SRS404766,SRR798161,SRR798161_1.fastq,SRR798161_2.fastq
SRS404772,SRR798191,SRR798191_1.fastq,SRR798191_2.fastq
SRS404773,SRR798197,SRR798197_1.fastq,SRR798197_2.fastq
SRS404775,SRR798180,SRR798180_1.fastq,SRR798180_2.fastq
SRS404777,SRR798589,SRR798589_1.fastq,SRR798589_2.fastq
SRS404780,SRR798220,SRR798220_1.fastq,SRR798220_2.fastq
SRS404782,SRR798222,SRR798222_1.fastq,SRR798222_2.fastq
SRS404783,SRR798599,SRR798599_1.fastq,SRR798599_2.fastq
SRS404785,SRR798661,SRR798661_1.fastq,SRR798661_2.fastq
SRS404786,SRR798959,SRR798959_1.fastq,SRR798959_2.fastq
SRS404788,SRR798230,SRR798230_1.fastq,SRR798230_2.fastq
SRS404791,SRR798236,SRR798236_1.fastq,SRR798236_2.fastq
SRS404792,SRR798238,SRR798238_1.fastq,SRR798238_2.fastq
SRS404793,SRR798242,SRR798242_1.fastq,SRR798242_2.fastq
SRS404794,SRR798246,SRR798246_1.fastq,SRR798246_2.fastq
SRS404795,SRR798243,SRR798243_1.fastq,SRR798243_2.fastq
SRS404803,SRR798269,SRR798269_1.fastq,SRR798269_2.fastq
SRS404807,SRR798275,SRR798275_1.fastq,SRR798275_2.fastq
SRS404809,SRR798708,SRR798708_1.fastq,SRR798708_2.fastq
SRS404812,SRR798282,SRR798282_1.fastq,SRR798282_2.fastq
SRS404813,SRR798283,SRR798283_1.fastq,SRR798283_2.fastq
SRS405098,SRR798584,SRR798584_1.fastq,SRR798584_2.fastq
SRS405099,SRR798587,SRR798587_1.fastq,SRR798587_2.fastq
SRS405102,SRR798703,SRR798703_1.fastq,SRR798703_2.fastq
SRS405107,SRR798633,SRR798633_1.fastq,SRR798633_2.fastq
SRS405109,SRR798819,SRR798819_1.fastq,SRR798819_2.fastq
SRS405110,SRR798960,SRR798960_1.fastq,SRR798960_2.fastq
SRS405111,SRR798700,SRR798700_1.fastq,SRR798700_2.fastq
SRS405113,SRR798659,SRR798659_1.fastq,SRR798659_2.fastq
SRS405114,SRR798663,SRR798663_1.fastq,SRR798663_2.fastq
SRS405116,SRR798667,SRR798667_1.fastq,SRR798667_2.fastq
SRS405118,SRR798668,SRR798668_1.fastq,SRR798668_2.fastq
SRS405119,SRR799041,SRR799041_1.fastq,SRR799041_2.fastq
SRS405121,SRR798707,SRR798707_1.fastq,SRR798707_2.fastq
SRS405122,SRR798717,SRR798717_1.fastq,SRR798717_2.fastq
SRS405124,SRR798729,SRR798729_1.fastq,SRR798729_2.fastq
SRS405126,SRR798738,SRR798738_1.fastq,SRR798738_2.fastq
SRS405127,SRR798739,SRR798739_1.fastq,SRR798739_2.fastq
SRS405128,SRR798742,SRR798742_1.fastq,SRR798742_2.fastq
SRS405129,SRR798743,SRR798743_1.fastq,SRR798743_2.fastq
SRS405130,SRR798752,SRR798752_1.fastq,SRR798752_2.fastq
SRS405132,SRR798768,SRR798768_1.fastq,SRR798768_2.fastq
SRS405133,SRR798777,SRR798777_1.fastq,SRR798777_2.fastq
SRS405134,SRR798775,SRR798775_1.fastq,SRR798775_2.fastq
SRS405135,SRR798780,SRR798780_1.fastq,SRR798780_2.fastq
SRS405136,SRR798803,SRR798803_1.fastq,SRR798803_2.fastq
SRS405137,SRR798807,SRR798807_1.fastq,SRR798807_2.fastq
SRS405139,SRR798833,SRR798833_1.fastq,SRR798833_2.fastq
SRS405141,SRR798837,SRR798837_1.fastq,SRR798837_2.fastq
SRS405142,SRR798839,SRR798839_1.fastq,SRR798839_2.fastq
SRS405144,SRR798853,SRR798853_1.fastq,SRR798853_2.fastq
SRS405145,SRR798882,SRR798882_1.fastq,SRR798882_2.fastq
SRS405146,SRR799026,SRR799026_1.fastq,SRR799026_2.fastq
SRS405147,SRR798922,SRR798922_1.fastq,SRR798922_2.fastq
SRS405148,SRR798957,SRR798957_1.fastq,SRR798957_2.fastq
SRS405151,SRR799053,SRR799053_1.fastq,SRR799053_2.fastq
SRS409058,SRR642849,SRR642849_1.fastq,SRR642849_2.fastq
SRS409059,SRR642860,SRR642860_1.fastq,SRR642860_2.fastq
SRS409060,SRR642223,SRR642223_1.fastq,SRR642223_2.fastq
SRS409062,SRR642852,SRR642852_1.fastq,SRR642852_2.fastq
SRS409063,SRR642859,SRR642859_1.fastq,SRR642859_2.fastq
SRS409064,SRR642220,SRR642220_1.fastq,SRR642220_2.fastq
SRS409074,SRR642861,SRR642861_1.fastq,SRR642861_2.fastq
SRS409076,SRR642856,SRR642856_1.fastq,SRR642856_2.fastq
SRS409113,SRR642863,SRR642863_1.fastq,SRR642863_2.fastq
SRS409175,SRR642854,SRR642854_1.fastq,SRR642854_2.fastq
SRS409177,SRR642862,SRR642862_1.fastq,SRR642862_2.fastq
SRS409478,SRR642855,SRR642855_1.fastq,SRR642855_2.fastq
SRS409479,SRR642853,SRR642853_1.fastq,SRR642853_2.fastq
SRS409482,SRR642845,SRR642845_1.fastq,SRR642845_2.fastq
SRS409781,SRR642847,SRR642847_1.fastq,SRR642847_2.fastq
SRS417572,SRR836540,SRR836540_1.fastq,SRR836540_2.fastq
SRS417573,SRR836547,SRR836547_1.fastq,SRR836547_2.fastq
SRS417575,SRR836558,SRR836558_1.fastq,SRR836558_2.fastq
SRS417576,SRR836564,SRR836564_1.fastq,SRR836564_2.fastq
SRS417577,SRR836570,SRR836570_1.fastq,SRR836570_2.fastq
SRS417578,SRR836581,SRR836581_1.fastq,SRR836581_2.fastq
SRS417581,SRR836599,SRR836599_1.fastq,SRR836599_2.fastq
SRS417582,SRR836604,SRR836604_1.fastq,SRR836604_2.fastq
SRS417583,SRR836557,SRR836557_1.fastq,SRR836557_2.fastq
SRS417585,SRR836610,SRR836610_1.fastq,SRR836610_2.fastq
SRS417586,SRR836588,SRR836588_1.fastq,SRR836588_2.fastq
SRS417587,SRR836615,SRR836615_1.fastq,SRR836615_2.fastq
SRS417588,SRR836620,SRR836620_1.fastq,SRR836620_2.fastq
SRS417590,SRR836631,SRR836631_1.fastq,SRR836631_2.fastq
SRS417591,SRR836636,SRR836636_1.fastq,SRR836636_2.fastq
SRS417593,SRR836642,SRR836642_1.fastq,SRR836642_2.fastq
SRS417594,SRR836648,SRR836648_1.fastq,SRR836648_2.fastq
SRS417595,SRR836660,SRR836660_1.fastq,SRR836660_2.fastq
SRS417596,SRR836666,SRR836666_1.fastq,SRR836666_2.fastq
SRS417600,SRR842038,SRR842038_1.fastq,SRR842038_2.fastq
SRS417601,SRR836683,SRR836683_1.fastq,SRR836683_2.fastq
SRS417603,SRR836654,SRR836654_1.fastq,SRR836654_2.fastq
SRS417604,SRR836689,SRR836689_1.fastq,SRR836689_2.fastq
SRS417614,SRR836772,SRR836772_1.fastq,SRR836772_2.fastq
SRS417637,SRR836871,SRR836871_1.fastq,SRR836871_2.fastq
SRS417642,SRR836892,SRR836892_1.fastq,SRR836892_2.fastq
SRS417643,SRR836898,SRR836898_1.fastq,SRR836898_2.fastq
SRS417656,SRR836964,SRR836964_1.fastq,SRR836964_2.fastq
SRS417657,SRR836978,SRR836978_1.fastq,SRR836978_2.fastq
SRS417662,SRR836988,SRR836988_1.fastq,SRR836988_2.fastq
SRS417676,SRR837084,SRR837084_1.fastq,SRR837084_2.fastq
SRS417680,SRR837099,SRR837099_1.fastq,SRR837099_2.fastq
SRS429660,SRR868750,SRR868750_1.fastq,SRR868750_2.fastq
SRS520173,SRR1063253,SRR1063253_1.fastq,SRR1063253_2.fastq
SRS520174,SRR1063256,SRR1063256_1.fastq,SRR1063256_2.fastq
SRS520178,SRR1063265,SRR1063265_1.fastq,SRR1063265_2.fastq
SRS520180,SRR1063269,SRR1063269_1.fastq,SRR1063269_2.fastq
SRS520184,SRR1063286,SRR1063286_1.fastq,SRR1063286_2.fastq
SRS520185,SRR1063288,SRR1063288_1.fastq,SRR1063288_2.fastq
SRS523961,SRR642846,SRR642846_1.fastq,SRR642846_2.fastq
SRS881142,SRR1925881,SRR1925881_1.fastq,SRR1925881_2.fastq
SRS881152,SRR1925890,SRR1925890_1.fastq,SRR1925890_2.fastq
SRS881156,SRR1925894,SRR1925894_1.fastq,SRR1925894_2.fastq
SRS881160,SRR1925902,SRR1925902_1.fastq,SRR1925902_2.fastq
SRS881169,SRR1925912,SRR1925912_1.fastq,SRR1925912_2.fastq
SRS881170,SRR1925911,SRR1925911_1.fastq,SRR1925911_2.fastq
SRS881196,SRR1925952,SRR1925952_1.fastq,SRR1925952_2.fastq
SRS881197,SRR1925938,SRR1925938_1.fastq,SRR1925938_2.fastq
SRS881200,SRR1925975,SRR1925975_1.fastq,SRR1925975_2.fastq
SRS881202,SRR1926079,SRR1926079_1.fastq,SRR1926079_2.fastq
SRS881204,SRR1925987,SRR1925987_1.fastq,SRR1925987_2.fastq
SRS881208,SRR1926080,SRR1926080_1.fastq,SRR1926080_2.fastq
SRS881220,SRR1926013,SRR1926013_1.fastq,SRR1926013_2.fastq
SRS881237,SRR1926039,SRR1926039_1.fastq,SRR1926039_2.fastq
SRS881239,SRR1926048,SRR1926048_1.fastq,SRR1926048_2.fastq
SRS881241,SRR1926056,SRR1926056_1.fastq,SRR1926056_2.fastq
SRS881244,SRR1926055,SRR1926055_1.fastq,SRR1926055_2.fastq
SRS881246,SRR1926059,SRR1926059_1.fastq,SRR1926059_2.fastq
SRS885170,SRR1931695,SRR1931695_1.fastq,SRR1931695_2.fastq
SRS885172,SRR1931698,SRR1931698_1.fastq,SRR1931698_2.fastq
SRS885174,SRR1931699,SRR1931699_1.fastq,SRR1931699_2.fastq
SRS885843,SRR1942909,SRR1942909_1.fastq,SRR1942909_2.fastq
SRS885874,SRR1942967,SRR1942967_1.fastq,SRR1942967_2.fastq
SRS885879,SRR1942971,SRR1942971_1.fastq,SRR1942971_2.fastq
SRS885884,SRR1942988,SRR1942988_1.fastq,SRR1942988_2.fastq
SRS885889,SRR1943005,SRR1943005_1.fastq,SRR1943005_2.fastq
SRS885916,SRR1943071,SRR1943071_1.fastq,SRR1943071_2.fastq
