sample,file1,file2,size
SRS502193,SRR1029545_1.fastq,SRR1029545_2.fastq,1501293360
SRS502193,SRR1029546_1.fastq,SRR1029546_2.fastq,1489306668
SRS502193,SRR1029547_1.fastq,SRR1029547_2.fastq,2510423592
SRS502193,SRR1029548_1.fastq,SRR1029548_2.fastq,2300073588
SRS502193,SRR1029549_1.fastq,SRR1029549_2.fastq,1487336052
SRS502193,SRR1029550_1.fastq,SRR1029550_2.fastq,1515395616
SRS502193,SRR1029551_1.fastq,SRR1029551_2.fastq,1493508468
SRS502193,SRR1029552_1.fastq,SRR1029552_2.fastq,2496092352
SRS502193,SRR1029553_1.fastq,SRR1029553_2.fastq,1503416256
SRS520173,SRR1063253_1.fastq,SRR1063253_2.fastq,2242475088
SRS520173,SRR1063254_1.fastq,SRR1063254_2.fastq,2242770624
SRS520173,SRR1063255_1.fastq,SRR1063255_2.fastq,2253736476
SRS520174,SRR1063256_1.fastq,SRR1063256_2.fastq,2359145256
SRS520174,SRR1063257_1.fastq,SRR1063257_2.fastq,2355964860
SRS520174,SRR1063258_1.fastq,SRR1063258_2.fastq,2371955952
SRS520177,SRR1063262_1.fastq,SRR1063262_2.fastq,10267738028
SRS520177,SRR1063263_1.fastq,SRR1063263_2.fastq,17558891040
SRS520178,SRR1063264_1.fastq,SRR1063264_2.fastq,16565807520
SRS520178,SRR1063265_1.fastq,SRR1063265_2.fastq,11516011912
SRS520179,SRR1063266_1.fastq,SRR1063266_2.fastq,10321163400
SRS520179,SRR1063267_1.fastq,SRR1063267_2.fastq,16961312344
SRS520180,SRR1063268_1.fastq,SRR1063268_2.fastq,17175470288
SRS520180,SRR1063269_1.fastq,SRR1063269_2.fastq,9750666616
SRS520181,SRR1063270_1.fastq,SRR1063270_2.fastq,3277054128
SRS520181,SRR1063271_1.fastq,SRR1063271_2.fastq,1257564144
SRS520181,SRR1063272_1.fastq,SRR1063272_2.fastq,1277388180
SRS520181,SRR1063273_1.fastq,SRR1063273_2.fastq,3370698996
SRS520181,SRR1063274_1.fastq,SRR1063274_2.fastq,1261527372
SRS520181,SRR1063275_1.fastq,SRR1063275_2.fastq,3013886652
SRS520181,SRR1063276_1.fastq,SRR1063276_2.fastq,3326691768
SRS520181,SRR1063277_1.fastq,SRR1063277_2.fastq,1310773032
SRS520181,SRR1063278_1.fastq,SRR1063278_2.fastq,1256656668
SRS520181,SRR1063279_1.fastq,SRR1063279_2.fastq,1256399484
SRS520181,SRR1063280_1.fastq,SRR1063280_2.fastq,3292031712
SRS520182,SRR1063282_1.fastq,SRR1063282_2.fastq,2493709452
SRS520182,SRR1063283_1.fastq,SRR1063283_2.fastq,2593937328
SRS520182,SRR1063284_1.fastq,SRR1063284_2.fastq,2588128128
SRS520184,SRR1063285_1.fastq,SRR1063285_2.fastq,15297874568
SRS520184,SRR1063286_1.fastq,SRR1063286_2.fastq,9606591256
SRS520185,SRR1063287_1.fastq,SRR1063287_2.fastq,14396746340
SRS520185,SRR1063288_1.fastq,SRR1063288_2.fastq,9761718800
SRS520130,SRR1063293_1.fastq,SRR1063293_2.fastq,2204124780
SRS520130,SRR1063294_1.fastq,SRR1063294_2.fastq,2202259068
SRS520130,SRR1063295_1.fastq,SRR1063295_2.fastq,2196511344
SRS417605,SRR1068285_1.fastq,SRR1068285_2.fastq,1661904
SRS417605,SRR1068286_1.fastq,SRR1068286_2.fastq,1613304
SRS404789,SRR1068287_1.fastq,SRR1068287_2.fastq,2145204
SRS404789,SRR1068288_1.fastq,SRR1068288_2.fastq,2089044
SRS429660,SRR1103379_1.fastq,SRR1103379_2.fastq,280564
SRS429660,SRR1103526_1.fastq,SRR1103526_2.fastq,272584
SRS429660,SRR1103617_1.fastq,SRR1103617_2.fastq,266200
SRS881140,SRR1925880_1.fastq,SRR1925880_2.fastq,1745292732
SRS881142,SRR1925881_1.fastq,SRR1925881_2.fastq,1158978072
SRS881143,SRR1925884_1.fastq,SRR1925884_2.fastq,1576118676
SRS881149,SRR1925887_1.fastq,SRR1925887_2.fastq,1469780424
SRS881148,SRR1925888_1.fastq,SRR1925888_2.fastq,1324574112
SRS881147,SRR1925889_1.fastq,SRR1925889_2.fastq,1397011452
SRS881152,SRR1925890_1.fastq,SRR1925890_2.fastq,1127850912
SRS881151,SRR1925891_1.fastq,SRR1925891_2.fastq,1075021032
SRS881150,SRR1925892_1.fastq,SRR1925892_2.fastq,1458928500
SRS881156,SRR1925894_1.fastq,SRR1925894_2.fastq,1323467544
SRS881155,SRR1925895_1.fastq,SRR1925895_2.fastq,1491343836
SRS881159,SRR1925899_1.fastq,SRR1925899_2.fastq,1164611304
SRS881161,SRR1925900_1.fastq,SRR1925900_2.fastq,984526104
SRS881158,SRR1925901_1.fastq,SRR1925901_2.fastq,306100
SRS881160,SRR1925902_1.fastq,SRR1925902_2.fastq,1173406884
SRS881157,SRR1925903_1.fastq,SRR1925903_2.fastq,1248810864
SRS881162,SRR1925904_1.fastq,SRR1925904_2.fastq,1275078036
SRS881164,SRR1925907_1.fastq,SRR1925907_2.fastq,1231008768
SRS881166,SRR1925908_1.fastq,SRR1925908_2.fastq,1102038324
SRS881165,SRR1925910_1.fastq,SRR1925910_2.fastq,1434395628
SRS881170,SRR1925911_1.fastq,SRR1925911_2.fastq,1506860040
SRS881169,SRR1925912_1.fastq,SRR1925912_2.fastq,1314982164
SRS881171,SRR1925913_1.fastq,SRR1925913_2.fastq,1344651948
SRS881172,SRR1925914_1.fastq,SRR1925914_2.fastq,1278072312
SRS881173,SRR1925916_1.fastq,SRR1925916_2.fastq,1742472168
SRS881174,SRR1925917_1.fastq,SRR1925917_2.fastq,1499388732
SRS881179,SRR1925922_1.fastq,SRR1925922_2.fastq,1637669124
SRS881181,SRR1925924_1.fastq,SRR1925924_2.fastq,1427527236
SRS881177,SRR1925925_1.fastq,SRR1925925_2.fastq,1341119052
SRS881183,SRR1925926_1.fastq,SRR1925926_2.fastq,1341619884
SRS881184,SRR1925933_1.fastq,SRR1925933_2.fastq,1512467892
SRS881185,SRR1925935_1.fastq,SRR1925935_2.fastq,692781876
SRS881165,SRR1925936_1.fastq,SRR1925936_2.fastq,1404146616
SRS881188,SRR1925937_1.fastq,SRR1925937_2.fastq,1232763372
SRS881197,SRR1925938_1.fastq,SRR1925938_2.fastq,1117551144
SRS881196,SRR1925952_1.fastq,SRR1925952_2.fastq,1538406252
SRS881193,SRR1925954_1.fastq,SRR1925954_2.fastq,1448836848
SRS881191,SRR1925955_1.fastq,SRR1925955_2.fastq,1598839416
SRS881189,SRR1925974_1.fastq,SRR1925974_2.fastq,1366892160
SRS881200,SRR1925975_1.fastq,SRR1925975_2.fastq,1341174888
SRS881194,SRR1925976_1.fastq,SRR1925976_2.fastq,1359938604
SRS881199,SRR1925977_1.fastq,SRR1925977_2.fastq,1410322416
SRS881198,SRR1925978_1.fastq,SRR1925978_2.fastq,1316497632
SRS881175,SRR1925979_1.fastq,SRR1925979_2.fastq,1051029600
SRS881171,SRR1925980_1.fastq,SRR1925980_2.fastq,1330842972
SRS881173,SRR1925981_1.fastq,SRR1925981_2.fastq,1729393572
SRS881203,SRR1925982_1.fastq,SRR1925982_2.fastq,1617151932
SRS881201,SRR1925984_1.fastq,SRR1925984_2.fastq,1239725388
SRS881205,SRR1925985_1.fastq,SRR1925985_2.fastq,1381693212
SRS881161,SRR1925986_1.fastq,SRR1925986_2.fastq,1011056100
SRS881204,SRR1925987_1.fastq,SRR1925987_2.fastq,1369523220
SRS881155,SRR1925989_1.fastq,SRR1925989_2.fastq,1452130044
SRS881178,SRR1925990_1.fastq,SRR1925990_2.fastq,1316767224
SRS881162,SRR1925991_1.fastq,SRR1925991_2.fastq,1307377188
SRS881169,SRR1925992_1.fastq,SRR1925992_2.fastq,1346708856
SRS881152,SRR1925993_1.fastq,SRR1925993_2.fastq,1103817180
SRS881210,SRR1925994_1.fastq,SRR1925994_2.fastq,1015717560
SRS881214,SRR1925995_1.fastq,SRR1925995_2.fastq,1439478396
SRS881213,SRR1925996_1.fastq,SRR1925996_2.fastq,176292
SRS881177,SRR1925997_1.fastq,SRR1925997_2.fastq,1317364500
SRS881189,SRR1925999_1.fastq,SRR1925999_2.fastq,1330272768
SRS881213,SRR1926000_1.fastq,SRR1926000_2.fastq,205020
SRS881143,SRR1926001_1.fastq,SRR1926001_2.fastq,1532765688
SRS881211,SRR1926002_1.fastq,SRR1926002_2.fastq,1015620552
SRS881193,SRR1926003_1.fastq,SRR1926003_2.fastq,1489457256
SRS881212,SRR1926004_1.fastq,SRR1926004_2.fastq,1372250160
SRS881219,SRR1926005_1.fastq,SRR1926005_2.fastq,1364487828
SRS881215,SRR1926006_1.fastq,SRR1926006_2.fastq,1479847824
SRS881199,SRR1926007_1.fastq,SRR1926007_2.fastq,1377905952
SRS881216,SRR1926008_1.fastq,SRR1926008_2.fastq,1382002848
SRS881184,SRR1926009_1.fastq,SRR1926009_2.fastq,1521235836
SRS881217,SRR1926010_1.fastq,SRR1926010_2.fastq,9760188128
SRS881226,SRR1926011_1.fastq,SRR1926011_2.fastq,1249423932
SRS881172,SRR1926012_1.fastq,SRR1926012_2.fastq,1302445008
SRS881220,SRR1926013_1.fastq,SRR1926013_2.fastq,1395530388
SRS881156,SRR1926014_1.fastq,SRR1926014_2.fastq,1331673744
SRS881166,SRR1926015_1.fastq,SRR1926015_2.fastq,1094328444
SRS881183,SRR1926016_1.fastq,SRR1926016_2.fastq,1368785508
SRS881218,SRR1926017_1.fastq,SRR1926017_2.fastq,4284684
SRS881150,SRR1926018_1.fastq,SRR1926018_2.fastq,1450773624
SRS881224,SRR1926019_1.fastq,SRR1926019_2.fastq,1555573848
SRS881225,SRR1926020_1.fastq,SRR1926020_2.fastq,1247719524
SRS881214,SRR1926021_1.fastq,SRR1926021_2.fastq,1477938684
SRS881215,SRR1926022_1.fastq,SRR1926022_2.fastq,1518574320
SRS881162,SRR1926023_1.fastq,SRR1926023_2.fastq,1304339484
SRS881223,SRR1926024_1.fastq,SRR1926024_2.fastq,1287367596
SRS881234,SRR1926026_1.fastq,SRR1926026_2.fastq,1448575716
SRS881228,SRR1926029_1.fastq,SRR1926029_2.fastq,1314333000
SRS881188,SRR1926030_1.fastq,SRR1926030_2.fastq,1203663228
SRS881229,SRR1926031_1.fastq,SRR1926031_2.fastq,1591515312
SRS881232,SRR1926034_1.fastq,SRR1926034_2.fastq,382176
SRS881200,SRR1926035_1.fastq,SRR1926035_2.fastq,1313422140
SRS881226,SRR1926036_1.fastq,SRR1926036_2.fastq,1214238228
SRS881233,SRR1926037_1.fastq,SRR1926037_2.fastq,1487456748
SRS881238,SRR1926038_1.fastq,SRR1926038_2.fastq,1720900296
SRS881237,SRR1926039_1.fastq,SRR1926039_2.fastq,1040429220
SRS881236,SRR1926040_1.fastq,SRR1926040_2.fastq,1248075972
SRS881235,SRR1926045_1.fastq,SRR1926045_2.fastq,1530493896
SRS881238,SRR1926046_1.fastq,SRR1926046_2.fastq,1753785444
SRS881240,SRR1926047_1.fastq,SRR1926047_2.fastq,1292184720
SRS881239,SRR1926048_1.fastq,SRR1926048_2.fastq,1015783548
SRS881212,SRR1926050_1.fastq,SRR1926050_2.fastq,1411204512
SRS881247,SRR1926052_1.fastq,SRR1926052_2.fastq,9471822336
SRS881181,SRR1926053_1.fastq,SRR1926053_2.fastq,1400758668
SRS881142,SRR1926054_1.fastq,SRR1926054_2.fastq,1133647704
SRS881244,SRR1926055_1.fastq,SRR1926055_2.fastq,1551791664
SRS881241,SRR1926056_1.fastq,SRR1926056_2.fastq,1493329680
SRS881218,SRR1926058_1.fastq,SRR1926058_2.fastq,4159944
SRS881246,SRR1926059_1.fastq,SRR1926059_2.fastq,1149818148
SRS881242,SRR1926060_1.fastq,SRR1926060_2.fastq,1563846036
SRS881245,SRR1926061_1.fastq,SRR1926061_2.fastq,265668
SRS881168,SRR1926068_1.fastq,SRR1926068_2.fastq,329508
SRS881175,SRR1926069_1.fastq,SRR1926069_2.fastq,1026382236
SRS881176,SRR1926070_1.fastq,SRR1926070_2.fastq,1216030056
SRS881178,SRR1926071_1.fastq,SRR1926071_2.fastq,1322840376
SRS881180,SRR1926072_1.fastq,SRR1926072_2.fastq,1405960440
SRS881194,SRR1926078_1.fastq,SRR1926078_2.fastq,1371633708
SRS881202,SRR1926079_1.fastq,SRR1926079_2.fastq,1347633252
SRS881208,SRR1926080_1.fastq,SRR1926080_2.fastq,1446679548
SRS881206,SRR1926081_1.fastq,SRR1926081_2.fastq,1619173308
SRS881207,SRR1926082_1.fastq,SRR1926082_2.fastq,1487448852
SRS881218,SRR1926083_1.fastq,SRR1926083_2.fastq,4224744
SRS881210,SRR1926084_1.fastq,SRR1926084_2.fastq,1037713560
SRS881222,SRR1926085_1.fastq,SRR1926085_2.fastq,1475920128
SRS881227,SRR1926086_1.fastq,SRR1926086_2.fastq,1418584452
SRS881221,SRR1926087_1.fastq,SRR1926087_2.fastq,1468404264
SRS881221,SRR1926088_1.fastq,SRR1926088_2.fastq,1427113260
SRS881243,SRR1926089_1.fastq,SRR1926089_2.fastq,1122772092
SRS885167,SRR1931687_1.fastq,SRR1931687_2.fastq,1256864220
SRS885168,SRR1931688_1.fastq,SRR1931688_2.fastq,1485836376
SRS885169,SRR1931690_1.fastq,SRR1931690_2.fastq,1314458772
SRS881232,SRR1931691_1.fastq,SRR1931691_2.fastq,11332654452
SRS881217,SRR1931694_1.fastq,SRR1931694_2.fastq,408244
SRS885170,SRR1931695_1.fastq,SRR1931695_2.fastq,1302224484
SRS885171,SRR1931697_1.fastq,SRR1931697_2.fastq,1322772696
SRS885172,SRR1931698_1.fastq,SRR1931698_2.fastq,1153863720
SRS885174,SRR1931699_1.fastq,SRR1931699_2.fastq,1151734620
SRS885170,SRR1931700_1.fastq,SRR1931700_2.fastq,1331607756
SRS885173,SRR1931703_1.fastq,SRR1931703_2.fastq,963473676
SRS881198,SRR1931705_1.fastq,SRR1931705_2.fastq,1281181080
SRS885176,SRR1931706_1.fastq,SRR1931706_2.fastq,1410704808
SRS881214,SRR1931715_1.fastq,SRR1931715_2.fastq,1444323720
SRS885191,SRR1931716_1.fastq,SRR1931716_2.fastq,1565364888
SRS885177,SRR1931717_1.fastq,SRR1931717_2.fastq,1309236696
SRS885186,SRR1931718_1.fastq,SRR1931718_2.fastq,1323225024
SRS885188,SRR1931722_1.fastq,SRR1931722_2.fastq,1311414864
SRS885169,SRR1931723_1.fastq,SRR1931723_2.fastq,1339454688
SRS881220,SRR1931724_1.fastq,SRR1931724_2.fastq,1365121764
SRS885192,SRR1931725_1.fastq,SRR1931725_2.fastq,1317115212
SRS881240,SRR1931726_1.fastq,SRR1931726_2.fastq,1297763244
SRS885816,SRR1942884_1.fastq,SRR1942884_2.fastq,1354692840
SRS881171,SRR1942885_1.fastq,SRR1942885_2.fastq,1367175288
SRS881207,SRR1942886_1.fastq,SRR1942886_2.fastq,1495485288
SRS885833,SRR1942887_1.fastq,SRR1942887_2.fastq,1332568812
SRS881166,SRR1942891_1.fastq,SRR1942891_2.fastq,1070136792
SRS881140,SRR1942898_1.fastq,SRR1942898_2.fastq,1762366704
SRS881237,SRR1942899_1.fastq,SRR1942899_2.fastq,1011616152
SRS885841,SRR1942901_1.fastq,SRR1942901_2.fastq,1515499956
SRS881147,SRR1942904_1.fastq,SRR1942904_2.fastq,1437667392
SRS885842,SRR1942905_1.fastq,SRR1942905_2.fastq,1418958948
SRS881160,SRR1942906_1.fastq,SRR1942906_2.fastq,1202683560
SRS885847,SRR1942908_1.fastq,SRR1942908_2.fastq,1225755672
SRS885843,SRR1942909_1.fastq,SRR1942909_2.fastq,1094334084
SRS881234,SRR1942912_1.fastq,SRR1942912_2.fastq,1484482212
SRS885850,SRR1942915_1.fastq,SRR1942915_2.fastq,1353642108
SRS885851,SRR1942916_1.fastq,SRR1942916_2.fastq,1309467936
SRS885852,SRR1942917_1.fastq,SRR1942917_2.fastq,1331810796
SRS885853,SRR1942918_1.fastq,SRR1942918_2.fastq,1114431660
SRS885841,SRR1942919_1.fastq,SRR1942919_2.fastq,1478445156
SRS885855,SRR1942921_1.fastq,SRR1942921_2.fastq,1459678056
SRS881237,SRR1942922_1.fastq,SRR1942922_2.fastq,1035350964
SRS885854,SRR1942923_1.fastq,SRR1942923_2.fastq,1359293388
SRS881197,SRR1942924_1.fastq,SRR1942924_2.fastq,1122651396
SRS885855,SRR1942926_1.fastq,SRR1942926_2.fastq,1503584328
SRS881244,SRR1942927_1.fastq,SRR1942927_2.fastq,1585619256
SRS885853,SRR1942928_1.fastq,SRR1942928_2.fastq,1085611260
SRS885857,SRR1942932_1.fastq,SRR1942932_2.fastq,1472998044
SRS885854,SRR1942933_1.fastq,SRR1942933_2.fastq,1321103820
SRS881247,SRR1942936_1.fastq,SRR1942936_2.fastq,296524
SRS885858,SRR1942937_1.fastq,SRR1942937_2.fastq,1459386468
SRS881218,SRR1942941_1.fastq,SRR1942941_2.fastq,11348272912
SRS885863,SRR1942945_1.fastq,SRR1942945_2.fastq,1129525428
SRS881233,SRR1942947_1.fastq,SRR1942947_2.fastq,1449984024
SRS885865,SRR1942949_1.fastq,SRR1942949_2.fastq,1652757252
SRS881202,SRR1942964_1.fastq,SRR1942964_2.fastq,1315736796
SRS885871,SRR1942965_1.fastq,SRR1942965_2.fastq,1163112756
SRS881208,SRR1942966_1.fastq,SRR1942966_2.fastq,1420045212
SRS885874,SRR1942967_1.fastq,SRR1942967_2.fastq,1387372692
SRS885875,SRR1942968_1.fastq,SRR1942968_2.fastq,1500281544
SRS885879,SRR1942971_1.fastq,SRR1942971_2.fastq,1358496456
SRS885878,SRR1942972_1.fastq,SRR1942972_2.fastq,1465739928
SRS885880,SRR1942973_1.fastq,SRR1942973_2.fastq,1187580768
SRS881176,SRR1942974_1.fastq,SRR1942974_2.fastq,1209377112
SRS885882,SRR1942975_1.fastq,SRR1942975_2.fastq,1366848732
SRS881184,SRR1942977_1.fastq,SRR1942977_2.fastq,1553727876
SRS881239,SRR1942978_1.fastq,SRR1942978_2.fastq,1040795820
SRS881232,SRR1942979_1.fastq,SRR1942979_2.fastq,408244
SRS881169,SRR1942982_1.fastq,SRR1942982_2.fastq,1353491520
SRS881158,SRR1942986_1.fastq,SRR1942986_2.fastq,11263834844
SRS885884,SRR1942988_1.fastq,SRR1942988_2.fastq,1370726232
SRS885874,SRR1942992_1.fastq,SRR1942992_2.fastq,1423545396
SRS881191,SRR1942993_1.fastq,SRR1942993_2.fastq,1556431692
SRS885843,SRR1942994_1.fastq,SRR1942994_2.fastq,1124610168
SRS881172,SRR1942996_1.fastq,SRR1942996_2.fastq,1312789332
SRS885887,SRR1942997_1.fastq,SRR1942997_2.fastq,1486884852
SRS885887,SRR1942998_1.fastq,SRR1942998_2.fastq,1523684724
SRS881210,SRR1943001_1.fastq,SRR1943001_2.fastq,1008937152
SRS885888,SRR1943004_1.fastq,SRR1943004_2.fastq,1242441612
SRS885889,SRR1943005_1.fastq,SRR1943005_2.fastq,1357651020
SRS881157,SRR1943007_1.fastq,SRR1943007_2.fastq,1276599708
SRS881173,SRR1943009_1.fastq,SRR1943009_2.fastq,1776938772
SRS885892,SRR1943011_1.fastq,SRR1943011_2.fastq,1728919248
SRS885888,SRR1943012_1.fastq,SRR1943012_2.fastq,1210322940
SRS885892,SRR1943013_1.fastq,SRR1943013_2.fastq,1714512432
SRS881174,SRR1943015_1.fastq,SRR1943015_2.fastq,1525983024
SRS881242,SRR1943016_1.fastq,SRR1943016_2.fastq,1598811780
SRS885882,SRR1943017_1.fastq,SRR1943017_2.fastq,1329118260
SRS885889,SRR1943018_1.fastq,SRR1943018_2.fastq,1326138648
SRS885888,SRR1943019_1.fastq,SRR1943019_2.fastq,1237770564
SRS881143,SRR1943020_1.fastq,SRR1943020_2.fastq,1541940840
SRS885893,SRR1943021_1.fastq,SRR1943021_2.fastq,1183467516
SRS885894,SRR1943023_1.fastq,SRR1943023_2.fastq,1425140388
SRS881181,SRR1943057_1.fastq,SRR1943057_2.fastq,1391456052
SRS881176,SRR1943059_1.fastq,SRR1943059_2.fastq,1182317520
SRS881244,SRR1943060_1.fastq,SRR1943060_2.fastq,1579028916
SRS885915,SRR1943061_1.fastq,SRR1943061_2.fastq,1418995608
SRS881148,SRR1943062_1.fastq,SRR1943062_2.fastq,1361009076
SRS881227,SRR1943063_1.fastq,SRR1943063_2.fastq,1458460380
SRS881204,SRR1943064_1.fastq,SRR1943064_2.fastq,1406440404
SRS881180,SRR1943065_1.fastq,SRR1943065_2.fastq,1415321148
SRS881151,SRR1943068_1.fastq,SRR1943068_2.fastq,1102336680
SRS885915,SRR1943069_1.fastq,SRR1943069_2.fastq,1409678328
SRS881202,SRR1943070_1.fastq,SRR1943070_2.fastq,1338661140
SRS885916,SRR1943071_1.fastq,SRR1943071_2.fastq,1321406688
SRS881142,SRR1943072_1.fastq,SRR1943072_2.fastq,1164330432
SRS881234,SRR1943073_1.fastq,SRR1943073_2.fastq,1475559732
SRS881200,SRR1943089_1.fastq,SRR1943089_2.fastq,1347662016
SRS881198,SRR1943090_1.fastq,SRR1943090_2.fastq,1288385052
SRS881235,SRR1943107_1.fastq,SRR1943107_2.fastq,1497432780
SRS881203,SRR1943108_1.fastq,SRR1943108_2.fastq,1659292320
SRS881158,SRR1943109_1.fastq,SRR1943109_2.fastq,340680
SRS881201,SRR1943110_1.fastq,SRR1943110_2.fastq,1205556576
SRS881168,SRR1943111_1.fastq,SRR1943111_2.fastq,8634103168
SRS881246,SRR1943113_1.fastq,SRR1943113_2.fastq,1153122624
SRS881177,SRR1943114_1.fastq,SRR1943114_2.fastq,1305758508
SRS881213,SRR1943115_1.fastq,SRR1943115_2.fastq,10443423824
SRS881199,SRR1943116_1.fastq,SRR1943116_2.fastq,1418547792
SRS881236,SRR1943117_1.fastq,SRR1943117_2.fastq,1256296272
SRS881170,SRR1943118_1.fastq,SRR1943118_2.fastq,1472947284
SRS881228,SRR1943126_1.fastq,SRR1943126_2.fastq,1279671252
SRS881149,SRR1943127_1.fastq,SRR1943127_2.fastq,1504150020
SRS881207,SRR1943128_1.fastq,SRR1943128_2.fastq,1456040820
SRS881211,SRR1943129_1.fastq,SRR1943129_2.fastq,1010035260
SRS881151,SRR1943130_1.fastq,SRR1943130_2.fastq,1098202560
SRS881225,SRR1943159_1.fastq,SRR1943159_2.fastq,1245941232
SRS881222,SRR1943160_1.fastq,SRR1943160_2.fastq,1463874780
SRS885877,SRR1943219_1.fastq,SRR1943219_2.fastq,1444516608
SRS881245,SRR1943220_1.fastq,SRR1943220_2.fastq,10884558232
SRS885170,SRR1944684_1.fastq,SRR1944684_2.fastq,1337019336
SRS885188,SRR1944685_1.fastq,SRR1944685_2.fastq,1318041300
SRS885177,SRR1944686_1.fastq,SRR1944686_2.fastq,1280932356
SRS885191,SRR1944687_1.fastq,SRR1944687_2.fastq,1536953952
SRS885167,SRR1944688_1.fastq,SRR1944688_2.fastq,1286268924
SRS885186,SRR1944698_1.fastq,SRR1944698_2.fastq,1290422220
SRS885192,SRR1944699_1.fastq,SRR1944699_2.fastq,1354809588
SRS885168,SRR1944700_1.fastq,SRR1944700_2.fastq,1495527588
SRS885191,SRR1944701_1.fastq,SRR1944701_2.fastq,1526678436
SRS885188,SRR1944702_1.fastq,SRR1944702_2.fastq,1285071552
SRS881240,SRR1944705_1.fastq,SRR1944705_2.fastq,1266208008
SRS881215,SRR1944707_1.fastq,SRR1944707_2.fastq,1487033184
SRS881243,SRR1944710_1.fastq,SRR1944710_2.fastq,1143629376
SRS885852,SRR1944711_1.fastq,SRR1944711_2.fastq,1294639812
SRS881217,SRR1944712_1.fastq,SRR1944712_2.fastq,426864
SRS885176,SRR1944713_1.fastq,SRR1944713_2.fastq,1416742992
SRS881208,SRR1944714_1.fastq,SRR1944714_2.fastq,1409576808
SRS885169,SRR1944715_1.fastq,SRR1944715_2.fastq,1302620412
SRS881174,SRR1944716_1.fastq,SRR1944716_2.fastq,1488572340
SRS881205,SRR1944718_1.fastq,SRR1944718_2.fastq,1344686916
SRS881178,SRR1944719_1.fastq,SRR1944719_2.fastq,1287519312
SRS881228,SRR1944720_1.fastq,SRR1944720_2.fastq,1308242364
SRS885172,SRR1944721_1.fastq,SRR1944721_2.fastq,1181360412
SRS881170,SRR1944722_1.fastq,SRR1944722_2.fastq,1498126500
SRS881205,SRR1944724_1.fastq,SRR1944724_2.fastq,1353640980
SRS881206,SRR1944725_1.fastq,SRR1944725_2.fastq,1576074684
SRS881224,SRR1944726_1.fastq,SRR1944726_2.fastq,1521908124
SRS885877,SRR1944728_1.fastq,SRR1944728_2.fastq,1482869172
SRS881227,SRR1944729_1.fastq,SRR1944729_2.fastq,1425385164
SRS881180,SRR1944730_1.fastq,SRR1944730_2.fastq,1443636204
SRS881233,SRR1944731_1.fastq,SRR1944731_2.fastq,1454861496
SRS881206,SRR1944732_1.fastq,SRR1944732_2.fastq,1587191124
SRS881246,SRR1944733_1.fastq,SRR1944733_2.fastq,1121454024
SRS885186,SRR1944734_1.fastq,SRR1944734_2.fastq,1317921168
SRS881213,SRR1944735_1.fastq,SRR1944735_2.fastq,199168
SRS885174,SRR1944737_1.fastq,SRR1944737_2.fastq,1157753064
SRS881179,SRR1944738_1.fastq,SRR1944738_2.fastq,1606549296
SRS881223,SRR1944739_1.fastq,SRR1944739_2.fastq,1253379828
SRS881216,SRR1944740_1.fastq,SRR1944740_2.fastq,1373938212
SRS885177,SRR1944741_1.fastq,SRR1944741_2.fastq,1316509476
SRS881160,SRR1944742_1.fastq,SRR1944742_2.fastq,1198559592
SRS881223,SRR1944743_1.fastq,SRR1944743_2.fastq,1258745160
SRS881164,SRR1944744_1.fastq,SRR1944744_2.fastq,1237411296
SRS885853,SRR1944745_1.fastq,SRR1944745_2.fastq,1094437296
SRS881165,SRR1944746_1.fastq,SRR1944746_2.fastq,1396993404
SRS881164,SRR1944747_1.fastq,SRR1944747_2.fastq,1203481620
SRS885816,SRR1944748_1.fastq,SRR1944748_2.fastq,1317841080
SRS881191,SRR1944749_1.fastq,SRR1944749_2.fastq,1604166960
SRS881211,SRR1944750_1.fastq,SRR1944750_2.fastq,988637664
SRS881175,SRR1944751_1.fastq,SRR1944751_2.fastq,1054790352
SRS885842,SRR1944752_1.fastq,SRR1944752_2.fastq,1425429156
SRS881193,SRR1944753_1.fastq,SRR1944753_2.fastq,1457616636
SRS885851,SRR1944754_1.fastq,SRR1944754_2.fastq,1300293912
SRS881161,SRR1944755_1.fastq,SRR1944755_2.fastq,1015392132
SRS881225,SRR1944756_1.fastq,SRR1944756_2.fastq,1217608692
SRS881204,SRR1944758_1.fastq,SRR1944758_2.fastq,1400617668
SRS881152,SRR1944759_1.fastq,SRR1944759_2.fastq,1132573848
SRS881157,SRR1944760_1.fastq,SRR1944760_2.fastq,1281679656
SRS881245,SRR1944761_1.fastq,SRR1944761_2.fastq,265668
SRS881196,SRR1944762_1.fastq,SRR1944762_2.fastq,1583232408
SRS885851,SRR1944763_1.fastq,SRR1944763_2.fastq,1277296248
SRS881239,SRR1944764_1.fastq,SRR1944764_2.fastq,1039474932
SRS881203,SRR1944765_1.fastq,SRR1944765_2.fastq,1624086876
SRS881188,SRR1944766_1.fastq,SRR1944766_2.fastq,1199101032
SRS885857,SRR1944767_1.fastq,SRR1944767_2.fastq,1500044664
SRS881189,SRR1944768_1.fastq,SRR1944768_2.fastq,1360662780
SRS881179,SRR1944769_1.fastq,SRR1944769_2.fastq,1596570444
SRS881219,SRR1944770_1.fastq,SRR1944770_2.fastq,1329526596
SRS881243,SRR1944771_1.fastq,SRR1944771_2.fastq,1115187420
SRS881156,SRR1944774_1.fastq,SRR1944774_2.fastq,1296382572
SRS881226,SRR1944775_1.fastq,SRR1944775_2.fastq,1221908064
SRS881245,SRR1944776_1.fastq,SRR1944776_2.fastq,282692
SRS881185,SRR1944777_1.fastq,SRR1944777_2.fastq,710917296
SRS881238,SRR1944778_1.fastq,SRR1944778_2.fastq,1708141488
SRS881224,SRR1944779_1.fastq,SRR1944779_2.fastq,1505481060
SRS881236,SRR1944780_1.fastq,SRR1944780_2.fastq,1225102560
SRS881241,SRR1944781_1.fastq,SRR1944781_2.fastq,1499325000
SRS881196,SRR1944782_1.fastq,SRR1944782_2.fastq,1551215256
SRS881168,SRR1944783_1.fastq,SRR1944783_2.fastq,337488
SRS881242,SRR1944784_1.fastq,SRR1944784_2.fastq,1554331920
SRS881232,SRR1944785_1.fastq,SRR1944785_2.fastq,371004
SRS881159,SRR1944786_1.fastq,SRR1944786_2.fastq,1152544524
SRS881241,SRR1944787_1.fastq,SRR1944787_2.fastq,1534150308
SRS881219,SRR1944788_1.fastq,SRR1944788_2.fastq,1339211040
SRS881197,SRR1944789_1.fastq,SRR1944789_2.fastq,1094234256
SRS881229,SRR1944790_1.fastq,SRR1944790_2.fastq,1628288676
SRS881159,SRR1944791_1.fastq,SRR1944791_2.fastq,1127518152
SRS881149,SRR1944792_1.fastq,SRR1944792_2.fastq,1461122460
SRS881185,SRR1944793_1.fastq,SRR1944793_2.fastq,707288520
SRS881148,SRR1944794_1.fastq,SRR1944794_2.fastq,1354601472
SRS881220,SRR1944795_1.fastq,SRR1944795_2.fastq,1402676268
SRS881194,SRR1944796_1.fastq,SRR1944796_2.fastq,1402081812
SRS881155,SRR1944799_1.fastq,SRR1944799_2.fastq,1459240956
SRS881201,SRR1944800_1.fastq,SRR1944800_2.fastq,1231695720
SRS885842,SRR1944801_1.fastq,SRR1944801_2.fastq,1456008108
SRS881140,SRR1944802_1.fastq,SRR1944802_2.fastq,1721490804
SRS885855,SRR1944803_1.fastq,SRR1944803_2.fastq,1473602088
SRS881221,SRR1944804_1.fastq,SRR1944804_2.fastq,1436721564
SRS885168,SRR1944805_1.fastq,SRR1944805_2.fastq,1522639068
SRS881183,SRR1944806_1.fastq,SRR1944806_2.fastq,1335499920
SRS885171,SRR1944807_1.fastq,SRR1944807_2.fastq,1358389296
SRS885878,SRR1944809_1.fastq,SRR1944809_2.fastq,1440775596
SRS885167,SRR1944810_1.fastq,SRR1944810_2.fastq,1251965316
SRS885171,SRR1944811_1.fastq,SRR1944811_2.fastq,1351401336
SRS881212,SRR1944812_1.fastq,SRR1944812_2.fastq,1379818476
SRS885880,SRR1944813_1.fastq,SRR1944813_2.fastq,1160854500
SRS881168,SRR1944814_1.fastq,SRR1944814_2.fastq,343872
SRS881222,SRR1944815_1.fastq,SRR1944815_2.fastq,1503406668
SRS885843,SRR1944817_1.fastq,SRR1944817_2.fastq,1119469872
SRS885841,SRR1944818_1.fastq,SRR1944818_2.fastq,1499249988
SRS881158,SRR1944819_1.fastq,SRR1944819_2.fastq,357704
SRS885858,SRR1944820_1.fastq,SRR1944820_2.fastq,1468591512
SRS885850,SRR1944821_1.fastq,SRR1944821_2.fastq,1344737112
SRS885173,SRR1944823_1.fastq,SRR1944823_2.fastq,988626384
SRS885863,SRR1944824_1.fastq,SRR1944824_2.fastq,1151877876
SRS881216,SRR1944825_1.fastq,SRR1944825_2.fastq,1409958072
SRS881235,SRR1944826_1.fastq,SRR1944826_2.fastq,1489730796
SRS885863,SRR1944827_1.fastq,SRR1944827_2.fastq,1122838080
SRS885847,SRR1944828_1.fastq,SRR1944828_2.fastq,1250848596
SRS881229,SRR1944829_1.fastq,SRR1944829_2.fastq,1580575968
SRS885833,SRR1944832_1.fastq,SRR1944832_2.fastq,1310664744
SRS881147,SRR1944833_1.fastq,SRR1944833_2.fastq,1407783288
SRS885871,SRR1944834_1.fastq,SRR1944834_2.fastq,1139106096
SRS885833,SRR1944835_1.fastq,SRR1944835_2.fastq,1299863580
SRS881150,SRR1944836_1.fastq,SRR1944836_2.fastq,1492073088
SRS885871,SRR1944838_1.fastq,SRR1944838_2.fastq,1131600384
SRS885882,SRR1944839_1.fastq,SRR1944839_2.fastq,1337812884
SRS885854,SRR1944840_1.fastq,SRR1944840_2.fastq,1328782116
SRS885874,SRR1944841_1.fastq,SRR1944841_2.fastq,1414340916
SRS885884,SRR1944842_1.fastq,SRR1944842_2.fastq,1376832096
SRS885173,SRR1944843_1.fastq,SRR1944843_2.fastq,984337728
SRS885880,SRR1944844_1.fastq,SRR1944844_2.fastq,1199509932
SRS881247,SRR1944847_1.fastq,SRR1944847_2.fastq,323656
SRS885852,SRR1944848_1.fastq,SRR1944848_2.fastq,1322840940
SRS885875,SRR1944849_1.fastq,SRR1944849_2.fastq,1505190600
SRS885816,SRR1944850_1.fastq,SRR1944850_2.fastq,1327526652
SRS885875,SRR1944851_1.fastq,SRR1944851_2.fastq,1464888852
SRS885884,SRR1944852_1.fastq,SRR1944852_2.fastq,1340416308
SRS885857,SRR1944853_1.fastq,SRR1944853_2.fastq,1461865812
SRS881217,SRR1944854_1.fastq,SRR1944854_2.fastq,409308
SRS885879,SRR1944855_1.fastq,SRR1944855_2.fastq,1367439240
SRS885878,SRR1944857_1.fastq,SRR1944857_2.fastq,1429081620
SRS885174,SRR1944858_1.fastq,SRR1944858_2.fastq,1128497256
SRS885850,SRR1944859_1.fastq,SRR1944859_2.fastq,1381449564
SRS885858,SRR1944860_1.fastq,SRR1944860_2.fastq,1497893004
SRS885176,SRR1944861_1.fastq,SRR1944861_2.fastq,1380256140
SRS885847,SRR1944862_1.fastq,SRR1944862_2.fastq,1257715296
SRS885172,SRR1944863_1.fastq,SRR1944863_2.fastq,1187493348
SRS885879,SRR1944865_1.fastq,SRR1944865_2.fastq,1327087860
SRS885192,SRR1944866_1.fastq,SRR1944866_2.fastq,1325892744
SRS881247,SRR1944868_1.fastq,SRR1944868_2.fastq,313548
SRS885865,SRR1944870_1.fastq,SRR1944870_2.fastq,1686477120
SRS885877,SRR1944871_1.fastq,SRR1944871_2.fastq,1476404604
SRS885865,SRR1944872_1.fastq,SRR1944872_2.fastq,1640363352
SRS885889,SRR1947209_1.fastq,SRR1947209_2.fastq,1362782292
SRS885915,SRR1947210_1.fastq,SRR1947210_2.fastq,1446257676
SRS885893,SRR1947212_1.fastq,SRR1947212_2.fastq,1177570896
SRS885887,SRR1947213_1.fastq,SRR1947213_2.fastq,1494223620
SRS885894,SRR1947215_1.fastq,SRR1947215_2.fastq,1416600300
SRS885894,SRR1947216_1.fastq,SRR1947216_2.fastq,1454988396
SRS885893,SRR1947255_1.fastq,SRR1947255_2.fastq,1151811888
SRS885916,SRR1947256_1.fastq,SRR1947256_2.fastq,1290357924
SRS885892,SRR1947257_1.fastq,SRR1947257_2.fastq,1760827548
SRS885916,SRR1947259_1.fastq,SRR1947259_2.fastq,1327851516
SRS409482,SRR576300_1.fastq,SRR576300_2.fastq,5417674128
SRS409479,SRR576301_1.fastq,SRR576301_2.fastq,7136796512
SRS409058,SRR576302_1.fastq,SRR576302_2.fastq,5687069096
SRS409062,SRR576303_1.fastq,SRR576303_2.fastq,9411721712
SRS409066,SRR576304_1.fastq,SRR576304_2.fastq,8196916824
SRS409061,SRR576305_1.fastq,SRR576305_2.fastq,7731580552
SRS409060,SRR576306_1.fastq,SRR576306_2.fastq,5277242928
SRS409075,SRR576307_1.fastq,SRR576307_2.fastq,8263798256
SRS409112,SRR576308_1.fastq,SRR576308_2.fastq,8063536224
SRS409076,SRR576309_1.fastq,SRR576309_2.fastq,7937656064
SRS409074,SRR576310_1.fastq,SRR576310_2.fastq,9235281600
SRS409059,SRR576311_1.fastq,SRR576311_2.fastq,7147596464
SRS409065,SRR576312_1.fastq,SRR576312_2.fastq,6681760352
SRS409479,SRR576313_1.fastq,SRR576313_2.fastq,7087892848
SRS409482,SRR576314_1.fastq,SRR576314_2.fastq,5492384848
SRS409058,SRR576315_1.fastq,SRR576315_2.fastq,5652849936
SRS409062,SRR576316_1.fastq,SRR576316_2.fastq,9390926664
SRS409061,SRR576317_1.fastq,SRR576317_2.fastq,7845966664
SRS409065,SRR576318_1.fastq,SRR576318_2.fastq,6687285288
SRS409066,SRR576319_1.fastq,SRR576319_2.fastq,8233668128
SRS409060,SRR576320_1.fastq,SRR576320_2.fastq,5215976128
SRS409112,SRR576321_1.fastq,SRR576321_2.fastq,7928451056
SRS409076,SRR576322_1.fastq,SRR576322_2.fastq,7927962008
SRS409059,SRR576323_1.fastq,SRR576323_2.fastq,7214469376
SRS409074,SRR576324_1.fastq,SRR576324_2.fastq,9065106528
SRS409483,SRR576539_1.fastq,SRR576539_2.fastq,5827557648
SRS409483,SRR576554_1.fastq,SRR576554_2.fastq,5787358584
SRS403287,SRR576587_1.fastq,SRR576587_2.fastq,6529595992
SRS403287,SRR576593_1.fastq,SRR576593_2.fastq,6433982280
SRS409075,SRR588299_1.fastq,SRR588299_2.fastq,8383319088
SRS409066,SRR642219_1.fastq,SRR642219_2.fastq,4533331648
SRS409064,SRR642220_1.fastq,SRR642220_2.fastq,4169046048
SRS409483,SRR642221_1.fastq,SRR642221_2.fastq,5137311248
SRS409060,SRR642223_1.fastq,SRR642223_2.fastq,3916687648
SRS409075,SRR642844_1.fastq,SRR642844_2.fastq,4591655088
SRS409482,SRR642845_1.fastq,SRR642845_2.fastq,3778047888
SRS523961,SRR642846_1.fastq,SRR642846_2.fastq,5692176552
SRS409781,SRR642847_1.fastq,SRR642847_2.fastq,8186010088
SRS409176,SRR642848_1.fastq,SRR642848_2.fastq,5459292768
SRS409058,SRR642849_1.fastq,SRR642849_2.fastq,4428499648
SRS409061,SRR642850_1.fastq,SRR642850_2.fastq,5052881168
SRS409112,SRR642851_1.fastq,SRR642851_2.fastq,4253542208
SRS409062,SRR642852_1.fastq,SRR642852_2.fastq,4952612608
SRS409479,SRR642853_1.fastq,SRR642853_2.fastq,4623237408
SRS409175,SRR642854_1.fastq,SRR642854_2.fastq,5202239888
SRS409478,SRR642855_1.fastq,SRR642855_2.fastq,4482529008
SRS409076,SRR642856_1.fastq,SRR642856_2.fastq,5683114680
SRS409067,SRR642857_1.fastq,SRR642857_2.fastq,5242988848
SRS403287,SRR642858_1.fastq,SRR642858_2.fastq,4554275088
SRS409063,SRR642859_1.fastq,SRR642859_2.fastq,4282046768
SRS409059,SRR642860_1.fastq,SRR642860_2.fastq,4028879728
SRS409074,SRR642861_1.fastq,SRR642861_2.fastq,4640917168
SRS409177,SRR642862_1.fastq,SRR642862_2.fastq,4030745648
SRS409113,SRR642863_1.fastq,SRR642863_2.fastq,5136691888
SRS409065,SRR646261_1.fastq,SRR646261_2.fastq,4300809568
SRS409065,SRR646262_1.fastq,SRR646262_2.fastq,4427769968
SRS409175,SRR647588_1.fastq,SRR647588_2.fastq,5147980928
SRS409059,SRR647589_1.fastq,SRR647589_2.fastq,4183357968
SRS409176,SRR647784_1.fastq,SRR647784_2.fastq,5361129248
SRS409061,SRR647785_1.fastq,SRR647785_2.fastq,4921107008
SRS523961,SRR647786_1.fastq,SRR647786_2.fastq,5585078848
SRS409112,SRR647787_1.fastq,SRR647787_2.fastq,4199820288
SRS409074,SRR647788_1.fastq,SRR647788_2.fastq,4630922848
SRS409063,SRR647789_1.fastq,SRR647789_2.fastq,4205409648
SRS409075,SRR647790_1.fastq,SRR647790_2.fastq,4778020288
SRS409479,SRR647791_1.fastq,SRR647791_2.fastq,4569342448
SRS409066,SRR647792_1.fastq,SRR647792_2.fastq,4481087568
SRS409064,SRR647793_1.fastq,SRR647793_2.fastq,4234054768
SRS409478,SRR647794_1.fastq,SRR647794_2.fastq,4431536528
SRS409781,SRR647795_1.fastq,SRR647795_2.fastq,8061753272
SRS409113,SRR647796_1.fastq,SRR647796_2.fastq,5078772208
SRS403287,SRR647797_1.fastq,SRR647797_2.fastq,4672308528
SRS409177,SRR647798_1.fastq,SRR647798_2.fastq,4177251728
SRS409482,SRR647799_1.fastq,SRR647799_2.fastq,3919937888
SRS409058,SRR647800_1.fastq,SRR647800_2.fastq,4503381728
SRS409483,SRR647801_1.fastq,SRR647801_2.fastq,5035058048
SRS409076,SRR647802_1.fastq,SRR647802_2.fastq,5843303744
SRS409062,SRR647803_1.fastq,SRR647803_2.fastq,4878253008
SRS409060,SRR647806_1.fastq,SRR647806_2.fastq,4059984368
SRS409067,SRR647807_1.fastq,SRR647807_2.fastq,5100585888
SRS409067,SRR652310_1.fastq,SRR652310_2.fastq,814335808
SRS409067,SRR652311_1.fastq,SRR652311_2.fastq,788267248
SRS409067,SRR652313_1.fastq,SRR652313_2.fastq,762627088
SRS404442,SRR797705_1.fastq,SRR797705_2.fastq,2718991008
SRS404443,SRR797706_1.fastq,SRR797706_2.fastq,3011751168
SRS404444,SRR797707_1.fastq,SRR797707_2.fastq,2636447568
SRS404448,SRR797711_1.fastq,SRR797711_2.fastq,4285289728
SRS404449,SRR797712_1.fastq,SRR797712_2.fastq,2136155888
SRS404451,SRR797714_1.fastq,SRR797714_2.fastq,2772983408
SRS404452,SRR797718_1.fastq,SRR797718_2.fastq,4887984688
SRS404454,SRR797720_1.fastq,SRR797720_2.fastq,2349943728
SRS404457,SRR797723_1.fastq,SRR797723_2.fastq,2715569408
SRS404458,SRR797724_1.fastq,SRR797724_2.fastq,2366369088
SRS404461,SRR797725_1.fastq,SRR797725_2.fastq,2641281488
SRS404462,SRR797727_1.fastq,SRR797727_2.fastq,2462985888
SRS404463,SRR797728_1.fastq,SRR797728_2.fastq,2807486688
SRS404467,SRR797732_1.fastq,SRR797732_2.fastq,1098202608
SRS404466,SRR797733_1.fastq,SRR797733_2.fastq,2248872128
SRS404468,SRR797734_1.fastq,SRR797734_2.fastq,2711416448
SRS404469,SRR797735_1.fastq,SRR797735_2.fastq,2199718688
SRS404447,SRR797736_1.fastq,SRR797736_2.fastq,2752932048
SRS404456,SRR797737_1.fastq,SRR797737_2.fastq,2402935968
SRS404460,SRR797740_1.fastq,SRR797740_2.fastq,2548799168
SRS404472,SRR797742_1.fastq,SRR797742_2.fastq,2844619728
SRS404473,SRR797743_1.fastq,SRR797743_2.fastq,2763484128
SRS404475,SRR797745_1.fastq,SRR797745_2.fastq,936493088
SRS404475,SRR797746_1.fastq,SRR797746_2.fastq,2690044608
SRS404448,SRR797747_1.fastq,SRR797747_2.fastq,2637647648
SRS404470,SRR797748_1.fastq,SRR797748_2.fastq,2355531408
SRS404477,SRR797749_1.fastq,SRR797749_2.fastq,1019725328
SRS404479,SRR797751_1.fastq,SRR797751_2.fastq,2659165088
SRS404480,SRR797752_1.fastq,SRR797752_2.fastq,1218166928
SRS404468,SRR797753_1.fastq,SRR797753_2.fastq,971440448
SRS404481,SRR797754_1.fastq,SRR797754_2.fastq,2493240448
SRS404488,SRR797755_1.fastq,SRR797755_2.fastq,2202762288
SRS404484,SRR797759_1.fastq,SRR797759_2.fastq,2405264448
SRS404485,SRR797760_1.fastq,SRR797760_2.fastq,2666349888
SRS404466,SRR797761_1.fastq,SRR797761_2.fastq,2233655808
SRS404486,SRR797762_1.fastq,SRR797762_2.fastq,2448546288
SRS404454,SRR797763_1.fastq,SRR797763_2.fastq,2413673408
SRS404489,SRR797764_1.fastq,SRR797764_2.fastq,2359138928
SRS404490,SRR797765_1.fastq,SRR797765_2.fastq,2250655728
SRS404491,SRR797766_1.fastq,SRR797766_2.fastq,2727877088
SRS404492,SRR797767_1.fastq,SRR797767_2.fastq,2482451488
SRS404493,SRR797768_1.fastq,SRR797768_2.fastq,2300145168
SRS404463,SRR797770_1.fastq,SRR797770_2.fastq,885805248
SRS404495,SRR797771_1.fastq,SRR797771_2.fastq,945932448
SRS404460,SRR797773_1.fastq,SRR797773_2.fastq,2562783488
SRS404481,SRR797774_1.fastq,SRR797774_2.fastq,2479703008
SRS404496,SRR797775_1.fastq,SRR797775_2.fastq,2912935808
SRS404498,SRR797776_1.fastq,SRR797776_2.fastq,1106761648
SRS404494,SRR797778_1.fastq,SRR797778_2.fastq,2537291168
SRS404499,SRR797779_1.fastq,SRR797779_2.fastq,2067048528
SRS404472,SRR797781_1.fastq,SRR797781_2.fastq,2470043568
SRS404501,SRR797782_1.fastq,SRR797782_2.fastq,2719220048
SRS404480,SRR797784_1.fastq,SRR797784_2.fastq,2854198528
SRS404503,SRR797785_1.fastq,SRR797785_2.fastq,2346081408
SRS404442,SRR797787_1.fastq,SRR797787_2.fastq,2717300368
SRS404505,SRR797789_1.fastq,SRR797789_2.fastq,2520341088
SRS404469,SRR797790_1.fastq,SRR797790_2.fastq,2301349728
SRS404498,SRR797791_1.fastq,SRR797791_2.fastq,2556759008
SRS404506,SRR797792_1.fastq,SRR797792_2.fastq,2631626528
SRS404507,SRR797793_1.fastq,SRR797793_2.fastq,3020491648
SRS404508,SRR797794_1.fastq,SRR797794_2.fastq,2517513088
SRS404498,SRR797795_1.fastq,SRR797795_2.fastq,1172403168
SRS404469,SRR797797_1.fastq,SRR797797_2.fastq,2214149328
SRS404511,SRR797799_1.fastq,SRR797799_2.fastq,2641525648
SRS404512,SRR797800_1.fastq,SRR797800_2.fastq,2448226528
SRS404513,SRR797801_1.fastq,SRR797801_2.fastq,2904872368
SRS404469,SRR797802_1.fastq,SRR797802_2.fastq,2655593968
SRS404458,SRR797803_1.fastq,SRR797803_2.fastq,878388048
SRS404514,SRR797804_1.fastq,SRR797804_2.fastq,2473619728
SRS404479,SRR797807_1.fastq,SRR797807_2.fastq,2783993568
SRS404516,SRR797808_1.fastq,SRR797808_2.fastq,2273768608
SRS404517,SRR797809_1.fastq,SRR797809_2.fastq,2573924688
SRS404518,SRR797810_1.fastq,SRR797810_2.fastq,2547944048
SRS404735,SRR798124_1.fastq,SRR798124_2.fastq,2605261168
SRS404443,SRR798125_1.fastq,SRR798125_2.fastq,2855741328
SRS404735,SRR798126_1.fastq,SRR798126_2.fastq,2963031728
SRS404516,SRR798127_1.fastq,SRR798127_2.fastq,2276363648
SRS404739,SRR798131_1.fastq,SRR798131_2.fastq,863848208
SRS404740,SRR798132_1.fastq,SRR798132_2.fastq,4112795168
SRS404741,SRR798134_1.fastq,SRR798134_2.fastq,2807246448
SRS404743,SRR798136_1.fastq,SRR798136_2.fastq,2757755328
SRS404740,SRR798138_1.fastq,SRR798138_2.fastq,2339076368
SRS404452,SRR798139_1.fastq,SRR798139_2.fastq,1063633808
SRS404745,SRR798140_1.fastq,SRR798140_2.fastq,2712926768
SRS404484,SRR798141_1.fastq,SRR798141_2.fastq,2539154848
SRS404750,SRR798145_1.fastq,SRR798145_2.fastq,2769402768
SRS404491,SRR798152_1.fastq,SRR798152_2.fastq,2736245728
SRS404750,SRR798153_1.fastq,SRR798153_2.fastq,4297552048
SRS404759,SRR798156_1.fastq,SRR798156_2.fastq,2136279648
SRS404753,SRR798157_1.fastq,SRR798157_2.fastq,2568510608
SRS404743,SRR798158_1.fastq,SRR798158_2.fastq,2758116528
SRS404507,SRR798160_1.fastq,SRR798160_2.fastq,3247387968
SRS404766,SRR798161_1.fastq,SRR798161_2.fastq,2492654688
SRS404755,SRR798162_1.fastq,SRR798162_2.fastq,3235046688
SRS404756,SRR798163_1.fastq,SRR798163_2.fastq,2475191088
SRS404518,SRR798164_1.fastq,SRR798164_2.fastq,2558989488
SRS404507,SRR798166_1.fastq,SRR798166_2.fastq,3003118768
SRS404750,SRR798167_1.fastq,SRR798167_2.fastq,2809008768
SRS404457,SRR798169_1.fastq,SRR798169_2.fastq,2507094288
SRS404458,SRR798171_1.fastq,SRR798171_2.fastq,908940528
SRS404467,SRR798174_1.fastq,SRR798174_2.fastq,1019448688
SRS404760,SRR798175_1.fastq,SRR798175_2.fastq,2487424288
SRS404761,SRR798176_1.fastq,SRR798176_2.fastq,1869059408
SRS404484,SRR798178_1.fastq,SRR798178_2.fastq,2394197728
SRS404498,SRR798179_1.fastq,SRR798179_2.fastq,2511081488
SRS404775,SRR798180_1.fastq,SRR798180_2.fastq,2494358208
SRS404755,SRR798182_1.fastq,SRR798182_2.fastq,1339381728
SRS404486,SRR798186_1.fastq,SRR798186_2.fastq,2531389888
SRS404741,SRR798187_1.fastq,SRR798187_2.fastq,2897139888
SRS404499,SRR798188_1.fastq,SRR798188_2.fastq,2089203248
SRS404765,SRR798189_1.fastq,SRR798189_2.fastq,977862528
SRS404473,SRR798190_1.fastq,SRR798190_2.fastq,2797047728
SRS404772,SRR798191_1.fastq,SRR798191_2.fastq,2293571888
SRS404447,SRR798192_1.fastq,SRR798192_2.fastq,2712534208
SRS404451,SRR798193_1.fastq,SRR798193_2.fastq,2769434128
SRS404486,SRR798195_1.fastq,SRR798195_2.fastq,2496272848
SRS404745,SRR798196_1.fastq,SRR798196_2.fastq,2714331248
SRS404773,SRR798197_1.fastq,SRR798197_2.fastq,2618891568
SRS404739,SRR798208_1.fastq,SRR798208_2.fastq,851363008
SRS404740,SRR798209_1.fastq,SRR798209_2.fastq,874900928
SRS404498,SRR798210_1.fastq,SRR798210_2.fastq,1072926448
SRS404496,SRR798211_1.fastq,SRR798211_2.fastq,2649071088
SRS404461,SRR798213_1.fastq,SRR798213_2.fastq,1090066368
SRS404777,SRR798216_1.fastq,SRR798216_2.fastq,2299034688
SRS404779,SRR798218_1.fastq,SRR798218_2.fastq,2202881008
SRS404780,SRR798220_1.fastq,SRR798220_2.fastq,2093980048
SRS404781,SRR798221_1.fastq,SRR798221_2.fastq,1146149808
SRS404782,SRR798222_1.fastq,SRR798222_2.fastq,2244235328
SRS404495,SRR798223_1.fastq,SRR798223_2.fastq,2840858208
SRS404783,SRR798224_1.fastq,SRR798224_2.fastq,2196401808
SRS404784,SRR798225_1.fastq,SRR798225_2.fastq,2941111648
SRS404475,SRR798226_1.fastq,SRR798226_2.fastq,983216688
SRS404789,SRR798228_1.fastq,SRR798228_2.fastq,2646785728
SRS404495,SRR798229_1.fastq,SRR798229_2.fastq,2822099888
SRS404788,SRR798230_1.fastq,SRR798230_2.fastq,2473257968
SRS404791,SRR798236_1.fastq,SRR798236_2.fastq,2232265328
SRS404739,SRR798237_1.fastq,SRR798237_2.fastq,2441694128
SRS404792,SRR798238_1.fastq,SRR798238_2.fastq,2262340688
SRS404477,SRR798240_1.fastq,SRR798240_2.fastq,2250608688
SRS404740,SRR798241_1.fastq,SRR798241_2.fastq,955367328
SRS404793,SRR798242_1.fastq,SRR798242_2.fastq,2132728128
SRS404795,SRR798243_1.fastq,SRR798243_2.fastq,2674049888
SRS404794,SRR798246_1.fastq,SRR798246_2.fastq,2587305328
SRS404797,SRR798249_1.fastq,SRR798249_2.fastq,2406639808
SRS404746,SRR798250_1.fastq,SRR798250_2.fastq,1094511648
SRS404786,SRR798252_1.fastq,SRR798252_2.fastq,2287132448
SRS404792,SRR798253_1.fastq,SRR798253_2.fastq,2333862208
SRS404778,SRR798254_1.fastq,SRR798254_2.fastq,2758454768
SRS404785,SRR798255_1.fastq,SRR798255_2.fastq,2431922128
SRS404496,SRR798256_1.fastq,SRR798256_2.fastq,2774710448
SRS404512,SRR798262_1.fastq,SRR798262_2.fastq,2440779648
SRS404800,SRR798263_1.fastq,SRR798263_2.fastq,2845390288
SRS404462,SRR798266_1.fastq,SRR798266_2.fastq,2378205248
SRS404808,SRR798268_1.fastq,SRR798268_2.fastq,1161717808
SRS404803,SRR798269_1.fastq,SRR798269_2.fastq,2669138688
SRS404517,SRR798270_1.fastq,SRR798270_2.fastq,2693885648
SRS404805,SRR798274_1.fastq,SRR798274_2.fastq,2951650848
SRS404807,SRR798275_1.fastq,SRR798275_2.fastq,2498764288
SRS404797,SRR798276_1.fastq,SRR798276_2.fastq,2419921328
SRS404809,SRR798278_1.fastq,SRR798278_2.fastq,2226834448
SRS404789,SRR798279_1.fastq,SRR798279_2.fastq,1152013568
SRS404810,SRR798280_1.fastq,SRR798280_2.fastq,761718768
SRS404812,SRR798282_1.fastq,SRR798282_2.fastq,2378471248
SRS404813,SRR798283_1.fastq,SRR798283_2.fastq,2458658208
SRS404467,SRR798286_1.fastq,SRR798286_2.fastq,2570158128
SRS404501,SRR798287_1.fastq,SRR798287_2.fastq,2595233808
SRS404750,SRR798289_1.fastq,SRR798289_2.fastq,2761977728
SRS404443,SRR798290_1.fastq,SRR798290_2.fastq,2760695328
SRS404501,SRR798291_1.fastq,SRR798291_2.fastq,2327633888
SRS404461,SRR798293_1.fastq,SRR798293_2.fastq,1166996368
SRS404750,SRR798295_1.fastq,SRR798295_2.fastq,1128021488
SRS404484,SRR798581_1.fastq,SRR798581_2.fastq,2523803568
SRS404452,SRR798582_1.fastq,SRR798582_2.fastq,2753022208
SRS404778,SRR798583_1.fastq,SRR798583_2.fastq,1430199168
SRS405098,SRR798584_1.fastq,SRR798584_2.fastq,3068578848
SRS404810,SRR798586_1.fastq,SRR798586_2.fastq,2492122688
SRS405099,SRR798587_1.fastq,SRR798587_2.fastq,2551559968
SRS404494,SRR798588_1.fastq,SRR798588_2.fastq,1007657328
SRS404777,SRR798589_1.fastq,SRR798589_2.fastq,2213742768
SRS404448,SRR798590_1.fastq,SRR798590_2.fastq,917760528
SRS405099,SRR798591_1.fastq,SRR798591_2.fastq,2553570928
SRS404766,SRR798592_1.fastq,SRR798592_2.fastq,2505434448
SRS404452,SRR798595_1.fastq,SRR798595_2.fastq,2739418128
SRS405098,SRR798597_1.fastq,SRR798597_2.fastq,3074284688
SRS404783,SRR798599_1.fastq,SRR798599_2.fastq,2229946928
SRS404807,SRR798602_1.fastq,SRR798602_2.fastq,2697307248
SRS404781,SRR798604_1.fastq,SRR798604_2.fastq,3041102448
SRS405102,SRR798606_1.fastq,SRR798606_2.fastq,2141156688
SRS404795,SRR798608_1.fastq,SRR798608_2.fastq,2672293728
SRS404735,SRR798611_1.fastq,SRR798611_2.fastq,2879277008
SRS405101,SRR798612_1.fastq,SRR798612_2.fastq,2324085728
SRS405107,SRR798633_1.fastq,SRR798633_2.fastq,2158663408
SRS404494,SRR798635_1.fastq,SRR798635_2.fastq,1038025008
SRS404808,SRR798636_1.fastq,SRR798636_2.fastq,2717437008
SRS404449,SRR798638_1.fastq,SRR798638_2.fastq,2157513728
SRS404511,SRR798639_1.fastq,SRR798639_2.fastq,2648030608
SRS404501,SRR798640_1.fastq,SRR798640_2.fastq,2307536608
SRS404778,SRR798641_1.fastq,SRR798641_2.fastq,1294365008
SRS404493,SRR798642_1.fastq,SRR798642_2.fastq,2303626688
SRS404473,SRR798644_1.fastq,SRR798644_2.fastq,2785506128
SRS405109,SRR798645_1.fastq,SRR798645_2.fastq,967451008
SRS405110,SRR798646_1.fastq,SRR798646_2.fastq,2082479888
SRS404805,SRR798648_1.fastq,SRR798648_2.fastq,956625648
SRS404452,SRR798650_1.fastq,SRR798650_2.fastq,2797019728
SRS404481,SRR798651_1.fastq,SRR798651_2.fastq,2487054128
SRS404468,SRR798652_1.fastq,SRR798652_2.fastq,2787185568
SRS405111,SRR798653_1.fastq,SRR798653_2.fastq,2183846608
SRS404457,SRR798654_1.fastq,SRR798654_2.fastq,2716771168
SRS405113,SRR798659_1.fastq,SRR798659_2.fastq,2390375728
SRS404486,SRR798660_1.fastq,SRR798660_2.fastq,2433007968
SRS404785,SRR798661_1.fastq,SRR798661_2.fastq,2606162768
SRS404803,SRR798662_1.fastq,SRR798662_2.fastq,2486342928
SRS405114,SRR798663_1.fastq,SRR798663_2.fastq,2590201088
SRS404499,SRR798664_1.fastq,SRR798664_2.fastq,2922207728
SRS404765,SRR798666_1.fastq,SRR798666_2.fastq,3161480048
SRS405116,SRR798667_1.fastq,SRR798667_2.fastq,2629531008
SRS405118,SRR798668_1.fastq,SRR798668_2.fastq,2379027328
SRS405119,SRR798670_1.fastq,SRR798670_2.fastq,2388183328
SRS404456,SRR798673_1.fastq,SRR798673_2.fastq,1155563968
SRS404513,SRR798677_1.fastq,SRR798677_2.fastq,2268100848
SRS404741,SRR798678_1.fastq,SRR798678_2.fastq,3268511168
SRS404456,SRR798679_1.fastq,SRR798679_2.fastq,1070561008
SRS404463,SRR798681_1.fastq,SRR798681_2.fastq,969755968
SRS404480,SRR798685_1.fastq,SRR798685_2.fastq,651580768
SRS404480,SRR798687_1.fastq,SRR798687_2.fastq,1108714368
SRS404807,SRR798688_1.fastq,SRR798688_2.fastq,2697130288
SRS404480,SRR798689_1.fastq,SRR798689_2.fastq,666829568
SRS404512,SRR798690_1.fastq,SRR798690_2.fastq,2445240608
SRS404462,SRR798691_1.fastq,SRR798691_2.fastq,3026431568
SRS405098,SRR798693_1.fastq,SRR798693_2.fastq,3070016928
SRS405120,SRR798694_1.fastq,SRR798694_2.fastq,2945130208
SRS404805,SRR798695_1.fastq,SRR798695_2.fastq,2978506768
SRS404784,SRR798696_1.fastq,SRR798696_2.fastq,1229469968
SRS404753,SRR798697_1.fastq,SRR798697_2.fastq,2529204768
SRS405111,SRR798700_1.fastq,SRR798700_2.fastq,2188682768
SRS404473,SRR798701_1.fastq,SRR798701_2.fastq,3192568448
SRS404486,SRR798702_1.fastq,SRR798702_2.fastq,2573889408
SRS405102,SRR798703_1.fastq,SRR798703_2.fastq,2146851888
SRS405107,SRR798705_1.fastq,SRR798705_2.fastq,2157471728
SRS405121,SRR798707_1.fastq,SRR798707_2.fastq,2648980928
SRS404809,SRR798708_1.fastq,SRR798708_2.fastq,2236645088
SRS405107,SRR798710_1.fastq,SRR798710_2.fastq,2155217728
SRS404489,SRR798711_1.fastq,SRR798711_2.fastq,2321285728
SRS404784,SRR798712_1.fastq,SRR798712_2.fastq,1267333808
SRS405123,SRR798714_1.fastq,SRR798714_2.fastq,2871312688
SRS405123,SRR798715_1.fastq,SRR798715_2.fastq,2740001088
SRS404494,SRR798716_1.fastq,SRR798716_2.fastq,2512688128
SRS405122,SRR798717_1.fastq,SRR798717_2.fastq,2430948848
SRS404746,SRR798718_1.fastq,SRR798718_2.fastq,2858022768
SRS405123,SRR798720_1.fastq,SRR798720_2.fastq,2765888768
SRS405109,SRR798723_1.fastq,SRR798723_2.fastq,999651008
SRS404514,SRR798726_1.fastq,SRR798726_2.fastq,2478994048
SRS404494,SRR798728_1.fastq,SRR798728_2.fastq,1045223248
SRS405124,SRR798729_1.fastq,SRR798729_2.fastq,2525524448
SRS404477,SRR798730_1.fastq,SRR798730_2.fastq,972939568
SRS404462,SRR798733_1.fastq,SRR798733_2.fastq,2975278928
SRS404501,SRR798734_1.fastq,SRR798734_2.fastq,2744269968
SRS404451,SRR798735_1.fastq,SRR798735_2.fastq,2647143008
SRS404743,SRR798736_1.fastq,SRR798736_2.fastq,966047648
SRS405123,SRR798737_1.fastq,SRR798737_2.fastq,2816562608
SRS405126,SRR798738_1.fastq,SRR798738_2.fastq,2461151328
SRS405127,SRR798739_1.fastq,SRR798739_2.fastq,2193541328
SRS404472,SRR798740_1.fastq,SRR798740_2.fastq,2938640368
SRS405128,SRR798742_1.fastq,SRR798742_2.fastq,2754327008
SRS405129,SRR798743_1.fastq,SRR798743_2.fastq,2690889648
SRS405130,SRR798744_1.fastq,SRR798744_2.fastq,2157704688
SRS404447,SRR798746_1.fastq,SRR798746_2.fastq,3286748128
SRS404514,SRR798747_1.fastq,SRR798747_2.fastq,2633708048
SRS404793,SRR798748_1.fastq,SRR798748_2.fastq,2224582688
SRS405130,SRR798752_1.fastq,SRR798752_2.fastq,2222687648
SRS404452,SRR798755_1.fastq,SRR798755_2.fastq,4958535168
SRS405099,SRR798758_1.fastq,SRR798758_2.fastq,2567518848
SRS404810,SRR798760_1.fastq,SRR798760_2.fastq,815104128
SRS405110,SRR798762_1.fastq,SRR798762_2.fastq,2082001648
SRS404475,SRR798763_1.fastq,SRR798763_2.fastq,2692077408
SRS404488,SRR798765_1.fastq,SRR798765_2.fastq,2183525168
SRS404473,SRR798767_1.fastq,SRR798767_2.fastq,3109521568
SRS405132,SRR798768_1.fastq,SRR798768_2.fastq,2259897968
SRS404735,SRR798769_1.fastq,SRR798769_2.fastq,2870552208
SRS523961,SRR798770_1.fastq,SRR798770_2.fastq,24846959264
SRS404508,SRR798771_1.fastq,SRR798771_2.fastq,2507076368
SRS404808,SRR798772_1.fastq,SRR798772_2.fastq,2764875728
SRS405121,SRR798773_1.fastq,SRR798773_2.fastq,2646367408
SRS404493,SRR798774_1.fastq,SRR798774_2.fastq,2290626288
SRS405134,SRR798775_1.fastq,SRR798775_2.fastq,2596062608
SRS404517,SRR798776_1.fastq,SRR798776_2.fastq,2731946608
SRS405133,SRR798777_1.fastq,SRR798777_2.fastq,2471236368
SRS405133,SRR798778_1.fastq,SRR798778_2.fastq,2466406928
SRS405135,SRR798780_1.fastq,SRR798780_2.fastq,2453950288
SRS405109,SRR798781_1.fastq,SRR798781_2.fastq,1006609568
SRS404470,SRR798786_1.fastq,SRR798786_2.fastq,2341099648
SRS404765,SRR798788_1.fastq,SRR798788_2.fastq,3116793168
SRS404513,SRR798789_1.fastq,SRR798789_2.fastq,2882923168
SRS404513,SRR798790_1.fastq,SRR798790_2.fastq,3045064448
SRS404505,SRR798793_1.fastq,SRR798793_2.fastq,2520908928
SRS405123,SRR798794_1.fastq,SRR798794_2.fastq,2811224128
SRS405119,SRR798795_1.fastq,SRR798795_2.fastq,2390838288
SRS404505,SRR798796_1.fastq,SRR798796_2.fastq,1141179808
SRS404501,SRR798798_1.fastq,SRR798798_2.fastq,2759790368
SRS404472,SRR798800_1.fastq,SRR798800_2.fastq,2852804688
SRS405123,SRR798801_1.fastq,SRR798801_2.fastq,2702053248
SRS404518,SRR798802_1.fastq,SRR798802_2.fastq,2548094688
SRS405136,SRR798803_1.fastq,SRR798803_2.fastq,2874463808
SRS404492,SRR798804_1.fastq,SRR798804_2.fastq,2608795328
SRS405137,SRR798807_1.fastq,SRR798807_2.fastq,2515404128
SRS404456,SRR798809_1.fastq,SRR798809_2.fastq,2402196208
SRS405139,SRR798810_1.fastq,SRR798810_2.fastq,2396560928
SRS405135,SRR798812_1.fastq,SRR798812_2.fastq,2450958768
SRS404507,SRR798816_1.fastq,SRR798816_2.fastq,3030185808
SRS404468,SRR798817_1.fastq,SRR798817_2.fastq,1026901168
SRS405109,SRR798819_1.fastq,SRR798819_2.fastq,2513700048
SRS404485,SRR798821_1.fastq,SRR798821_2.fastq,2666771008
SRS405130,SRR798823_1.fastq,SRR798823_2.fastq,2158055248
SRS404498,SRR798826_1.fastq,SRR798826_2.fastq,2517136208
SRS404463,SRR798828_1.fastq,SRR798828_2.fastq,3960420288
SRS404458,SRR798829_1.fastq,SRR798829_2.fastq,2351267568
SRS404480,SRR798831_1.fastq,SRR798831_2.fastq,1147303408
SRS405122,SRR798832_1.fastq,SRR798832_2.fastq,2411937968
SRS405139,SRR798833_1.fastq,SRR798833_2.fastq,2540159488
SRS404511,SRR798834_1.fastq,SRR798834_2.fastq,2635467008
SRS405141,SRR798837_1.fastq,SRR798837_2.fastq,2383990608
SRS405142,SRR798839_1.fastq,SRR798839_2.fastq,2281496048
SRS404508,SRR798841_1.fastq,SRR798841_2.fastq,2511989808
SRS405128,SRR798842_1.fastq,SRR798842_2.fastq,2609187328
SRS409067,SRR798843_1.fastq,SRR798843_2.fastq,3410109408
SRS404448,SRR798846_1.fastq,SRR798846_2.fastq,901527808
SRS404456,SRR798847_1.fastq,SRR798847_2.fastq,1115096128
SRS405128,SRR798849_1.fastq,SRR798849_2.fastq,2760187968
SRS405120,SRR798850_1.fastq,SRR798850_2.fastq,2401414448
SRS405137,SRR798851_1.fastq,SRR798851_2.fastq,2499363488
SRS405144,SRR798852_1.fastq,SRR798852_2.fastq,2296025248
SRS405144,SRR798853_1.fastq,SRR798853_2.fastq,2413262928
SRS405101,SRR798855_1.fastq,SRR798855_2.fastq,2375540208
SRS404461,SRR798859_1.fastq,SRR798859_2.fastq,2613108448
SRS405127,SRR798862_1.fastq,SRR798862_2.fastq,2196876128
SRS404514,SRR798863_1.fastq,SRR798863_2.fastq,2604958208
SRS404517,SRR798866_1.fastq,SRR798866_2.fastq,2601541648
SRS405120,SRR798867_1.fastq,SRR798867_2.fastq,2933011808
SRS404743,SRR798869_1.fastq,SRR798869_2.fastq,3591243648
SRS404761,SRR798870_1.fastq,SRR798870_2.fastq,1809990608
SRS404461,SRR798872_1.fastq,SRR798872_2.fastq,2612910768
SRS404468,SRR798873_1.fastq,SRR798873_2.fastq,1011417168
SRS404505,SRR798875_1.fastq,SRR798875_2.fastq,2530624928
SRS405113,SRR798877_1.fastq,SRR798877_2.fastq,2385984208
SRS404779,SRR798878_1.fastq,SRR798878_2.fastq,2869844368
SRS404444,SRR798879_1.fastq,SRR798879_2.fastq,2654019808
SRS404505,SRR798881_1.fastq,SRR798881_2.fastq,1183449728
SRS405145,SRR798882_1.fastq,SRR798882_2.fastq,2526303968
SRS404480,SRR798883_1.fastq,SRR798883_2.fastq,2902933648
SRS404779,SRR798885_1.fastq,SRR798885_2.fastq,2836612848
SRS404448,SRR798886_1.fastq,SRR798886_2.fastq,2644063568
SRS405146,SRR798889_1.fastq,SRR798889_2.fastq,2249317888
SRS405120,SRR798890_1.fastq,SRR798890_2.fastq,2569953728
SRS404463,SRR798892_1.fastq,SRR798892_2.fastq,918257248
SRS404743,SRR798893_1.fastq,SRR798893_2.fastq,3639274288
SRS405139,SRR798894_1.fastq,SRR798894_2.fastq,2537215008
SRS404765,SRR798895_1.fastq,SRR798895_2.fastq,4168710048
SRS405134,SRR798897_1.fastq,SRR798897_2.fastq,2581589408
SRS404454,SRR798899_1.fastq,SRR798899_2.fastq,2409247728
SRS404458,SRR798900_1.fastq,SRR798900_2.fastq,2350080368
SRS404479,SRR798901_1.fastq,SRR798901_2.fastq,2787430288
SRS404475,SRR798902_1.fastq,SRR798902_2.fastq,975000928
SRS405135,SRR798903_1.fastq,SRR798903_2.fastq,2451747248
SRS404783,SRR798904_1.fastq,SRR798904_2.fastq,2224928208
SRS404463,SRR798905_1.fastq,SRR798905_2.fastq,2768189248
SRS404484,SRR798906_1.fastq,SRR798906_2.fastq,2464389808
SRS404507,SRR798910_1.fastq,SRR798910_2.fastq,3419019568
SRS404809,SRR798911_1.fastq,SRR798911_2.fastq,2236866848
SRS404485,SRR798912_1.fastq,SRR798912_2.fastq,2657904528
SRS404447,SRR798914_1.fastq,SRR798914_2.fastq,3284897888
SRS404759,SRR798915_1.fastq,SRR798915_2.fastq,2222857328
SRS405126,SRR798916_1.fastq,SRR798916_2.fastq,2460436208
SRS404447,SRR798917_1.fastq,SRR798917_2.fastq,3283431248
SRS404473,SRR798918_1.fastq,SRR798918_2.fastq,3100278768
SRS404506,SRR798919_1.fastq,SRR798919_2.fastq,4334352
SRS404781,SRR798920_1.fastq,SRR798920_2.fastq,3018421328
SRS405147,SRR798922_1.fastq,SRR798922_2.fastq,2450719088
SRS405116,SRR798923_1.fastq,SRR798923_2.fastq,2632989008
SRS404516,SRR798924_1.fastq,SRR798924_2.fastq,2233598688
SRS405114,SRR798926_1.fastq,SRR798926_2.fastq,2591369248
SRS404463,SRR798928_1.fastq,SRR798928_2.fastq,3915653888
SRS404805,SRR798929_1.fastq,SRR798929_2.fastq,921562368
SRS405147,SRR798934_1.fastq,SRR798934_2.fastq,2462329008
SRS405147,SRR798935_1.fastq,SRR798935_2.fastq,2457733648
SRS404499,SRR798936_1.fastq,SRR798936_2.fastq,2936955328
SRS404743,SRR798937_1.fastq,SRR798937_2.fastq,929831328
SRS404746,SRR798938_1.fastq,SRR798938_2.fastq,2947894368
SRS405145,SRR798939_1.fastq,SRR798939_2.fastq,2528930928
SRS405102,SRR798940_1.fastq,SRR798940_2.fastq,2148447888
SRS405132,SRR798941_1.fastq,SRR798941_2.fastq,2251379248
SRS405137,SRR798942_1.fastq,SRR798942_2.fastq,2499124368
SRS404506,SRR798943_1.fastq,SRR798943_2.fastq,2611655248
SRS404765,SRR798945_1.fastq,SRR798945_2.fastq,3097925648
SRS404779,SRR798946_1.fastq,SRR798946_2.fastq,2856495648
SRS405111,SRR798947_1.fastq,SRR798947_2.fastq,2182976928
SRS405145,SRR798948_1.fastq,SRR798948_2.fastq,2536297168
SRS404800,SRR798949_1.fastq,SRR798949_2.fastq,2973576528
SRS405120,SRR798951_1.fastq,SRR798951_2.fastq,2423190048
SRS405109,SRR798952_1.fastq,SRR798952_2.fastq,2508590608
SRS405134,SRR798956_1.fastq,SRR798956_2.fastq,2581160448
SRS405148,SRR798957_1.fastq,SRR798957_2.fastq,2520879248
SRS405127,SRR798958_1.fastq,SRR798958_2.fastq,2055852448
SRS404786,SRR798959_1.fastq,SRR798959_2.fastq,2334148368
SRS405110,SRR798960_1.fastq,SRR798960_2.fastq,2132797568
SRS404444,SRR798962_1.fastq,SRR798962_2.fastq,2640174368
SRS404800,SRR798966_1.fastq,SRR798966_2.fastq,2754943568
SRS405148,SRR798967_1.fastq,SRR798967_2.fastq,2585560368
SRS404781,SRR798968_1.fastq,SRR798968_2.fastq,3095930368
SRS404495,SRR798969_1.fastq,SRR798969_2.fastq,986149408
SRS405146,SRR798970_1.fastq,SRR798970_2.fastq,2249311728
SRS404499,SRR798971_1.fastq,SRR798971_2.fastq,3020264288
SRS404746,SRR798973_1.fastq,SRR798973_2.fastq,2884749888
SRS405142,SRR798974_1.fastq,SRR798974_2.fastq,2289210608
SRS405122,SRR798975_1.fastq,SRR798975_2.fastq,2421037408
SRS404800,SRR798976_1.fastq,SRR798976_2.fastq,2754779488
SRS404514,SRR798977_1.fastq,SRR798977_2.fastq,2676772608
SRS404449,SRR798980_1.fastq,SRR798980_2.fastq,2138653488
SRS405124,SRR798981_1.fastq,SRR798981_2.fastq,2395555728
SRS404466,SRR798983_1.fastq,SRR798983_2.fastq,2251289648
SRS405118,SRR798984_1.fastq,SRR798984_2.fastq,2373949248
SRS404475,SRR798985_1.fastq,SRR798985_2.fastq,2708886368
SRS405109,SRR798986_1.fastq,SRR798986_2.fastq,2514163168
SRS404765,SRR798987_1.fastq,SRR798987_2.fastq,4210253648
SRS405142,SRR798988_1.fastq,SRR798988_2.fastq,2293158608
SRS405144,SRR798989_1.fastq,SRR798989_2.fastq,2416981328
SRS404488,SRR798990_1.fastq,SRR798990_2.fastq,2184662528
SRS404761,SRR798992_1.fastq,SRR798992_2.fastq,1812559888
SRS409067,SRR798993_1.fastq,SRR798993_2.fastq,3396473968
SRS405136,SRR798994_1.fastq,SRR798994_2.fastq,2863555568
SRS405141,SRR798996_1.fastq,SRR798996_2.fastq,2377664848
SRS405141,SRR798997_1.fastq,SRR798997_2.fastq,2395276848
SRS405129,SRR799000_1.fastq,SRR799000_2.fastq,2685781328
SRS404743,SRR799002_1.fastq,SRR799002_2.fastq,904489648
SRS404785,SRR799005_1.fastq,SRR799005_2.fastq,2608631248
SRS405149,SRR799007_1.fastq,SRR799007_2.fastq,2371854288
SRS404480,SRR799008_1.fastq,SRR799008_2.fastq,2834485968
SRS404491,SRR799011_1.fastq,SRR799011_2.fastq,2730639568
SRS405132,SRR799012_1.fastq,SRR799012_2.fastq,2246731248
SRS404779,SRR799013_1.fastq,SRR799013_2.fastq,2309608608
SRS405133,SRR799014_1.fastq,SRR799014_2.fastq,2470034048
SRS405118,SRR799015_1.fastq,SRR799015_2.fastq,2379495488
SRS405101,SRR799017_1.fastq,SRR799017_2.fastq,2375177888
SRS404467,SRR799020_1.fastq,SRR799020_2.fastq,1046579568
SRS404499,SRR799021_1.fastq,SRR799021_2.fastq,2099564928
SRS404813,SRR799022_1.fastq,SRR799022_2.fastq,2428310688
SRS405114,SRR799024_1.fastq,SRR799024_2.fastq,2603225008
SRS404490,SRR799025_1.fastq,SRR799025_2.fastq,2339454928
SRS405146,SRR799026_1.fastq,SRR799026_2.fastq,2312691408
SRS404808,SRR799027_1.fastq,SRR799027_2.fastq,2705273248
SRS404791,SRR799032_1.fastq,SRR799032_2.fastq,2278164048
SRS404784,SRR799033_1.fastq,SRR799033_2.fastq,1331835168
SRS405126,SRR799034_1.fastq,SRR799034_2.fastq,2473874528
SRS404460,SRR799035_1.fastq,SRR799035_2.fastq,2547904288
SRS405113,SRR799036_1.fastq,SRR799036_2.fastq,2386598528
SRS405136,SRR799037_1.fastq,SRR799037_2.fastq,2863674288
SRS404447,SRR799038_1.fastq,SRR799038_2.fastq,2767674048
SRS404469,SRR799039_1.fastq,SRR799039_2.fastq,2620927728
SRS405129,SRR799040_1.fastq,SRR799040_2.fastq,2682792048
SRS405119,SRR799041_1.fastq,SRR799041_2.fastq,2315462848
SRS404470,SRR799042_1.fastq,SRR799042_2.fastq,2350597808
SRS404490,SRR799044_1.fastq,SRR799044_2.fastq,2250617088
SRS404463,SRR799045_1.fastq,SRR799045_2.fastq,2758743168
SRS404805,SRR799047_1.fastq,SRR799047_2.fastq,873263488
SRS404462,SRR799048_1.fastq,SRR799048_2.fastq,3008040608
SRS404505,SRR799050_1.fastq,SRR799050_2.fastq,1223681808
SRS404513,SRR799051_1.fastq,SRR799051_2.fastq,2294984208
SRS404791,SRR799052_1.fastq,SRR799052_2.fastq,2284133088
SRS405151,SRR799053_1.fastq,SRR799053_2.fastq,2785087808
SRS405149,SRR799054_1.fastq,SRR799054_2.fastq,2358503328
SRS405151,SRR799055_1.fastq,SRR799055_2.fastq,2669927728
SRS405116,SRR799056_1.fastq,SRR799056_2.fastq,2639772848
SRS405148,SRR799057_1.fastq,SRR799057_2.fastq,2581494208
SRS405121,SRR799058_1.fastq,SRR799058_2.fastq,2649542608
SRS404741,SRR799060_1.fastq,SRR799060_2.fastq,3283986208
SRS404442,SRR799061_1.fastq,SRR799061_2.fastq,2649181968
SRS404469,SRR799093_1.fastq,SRR799093_2.fastq,2673932288
SRS404489,SRR799094_1.fastq,SRR799094_2.fastq,2361242848
SRS404495,SRR799095_1.fastq,SRR799095_2.fastq,1045795008
SRS404458,SRR799096_1.fastq,SRR799096_2.fastq,940385088
SRS404741,SRR822339_1.fastq,SRR822339_2.fastq,3289970368
SRS404486,SRR822340_1.fastq,SRR822340_2.fastq,2553479648
SRS404735,SRR822341_1.fastq,SRR822341_2.fastq,2628218928
SRS404740,SRR822342_1.fastq,SRR822342_2.fastq,4045060928
SRS404506,SRR822382_1.fastq,SRR822382_2.fastq,2642713968
SRS404472,SRR822383_1.fastq,SRR822383_2.fastq,2464635648
SRS404503,SRR822384_1.fastq,SRR822384_2.fastq,2354002048
SRS404468,SRR822385_1.fastq,SRR822385_2.fastq,2730586368
SRS404456,SRR822386_1.fastq,SRR822386_2.fastq,2423491328
SRS404494,SRR822387_1.fastq,SRR822387_2.fastq,2517109888
SRS404472,SRR822488_1.fastq,SRR822488_2.fastq,2465113888
SRS404503,SRR822490_1.fastq,SRR822490_2.fastq,2360045568
SRS404780,SRR822491_1.fastq,SRR822491_2.fastq,2095312288
SRS404772,SRR822492_1.fastq,SRR822492_2.fastq,2304248848
SRS404507,SRR822494_1.fastq,SRR822494_2.fastq,3248829968
SRS404812,SRR822495_1.fastq,SRR822495_2.fastq,2393925568
SRS404477,SRR822496_1.fastq,SRR822496_2.fastq,2224579328
SRS404477,SRR822497_1.fastq,SRR822497_2.fastq,937552048
SRS404750,SRR822499_1.fastq,SRR822499_2.fastq,1217429968
SRS404467,SRR822500_1.fastq,SRR822500_2.fastq,2601207328
SRS404792,SRR822503_1.fastq,SRR822503_2.fastq,2262086448
SRS404448,SRR822510_1.fastq,SRR822510_2.fastq,4353449008
SRS404448,SRR822511_1.fastq,SRR822511_2.fastq,2678469968
SRS404443,SRR822859_1.fastq,SRR822859_2.fastq,2758459808
SRS404782,SRR822886_1.fastq,SRR822886_2.fastq,2236791808
SRS404795,SRR822887_1.fastq,SRR822887_2.fastq,2681255408
SRS404496,SRR822889_1.fastq,SRR822889_2.fastq,2750188608
SRS404788,SRR822890_1.fastq,SRR822890_2.fastq,2460289488
SRS404812,SRR822891_1.fastq,SRR822891_2.fastq,2382691408
SRS404800,SRR822892_1.fastq,SRR822892_2.fastq,2836010848
SRS404800,SRR822893_1.fastq,SRR822893_2.fastq,2758924048
SRS404750,SRR822894_1.fastq,SRR822894_2.fastq,1173426848
SRS404467,SRR822895_1.fastq,SRR822895_2.fastq,2564969728
SRS404781,SRR822896_1.fastq,SRR822896_2.fastq,1099723008
SRS404781,SRR822897_1.fastq,SRR822897_2.fastq,1205599968
SRS404789,SRR822898_1.fastq,SRR822898_2.fastq,2665811728
SRS404461,SRR822899_1.fastq,SRR822899_2.fastq,1132062448
SRS404810,SRR822900_1.fastq,SRR822900_2.fastq,2483592768
SRS404777,SRR822901_1.fastq,SRR822901_2.fastq,2215678128
SRS404755,SRR822902_1.fastq,SRR822902_2.fastq,3168787488
SRS404759,SRR822904_1.fastq,SRR822904_2.fastq,2135499008
SRS404740,SRR822905_1.fastq,SRR822905_2.fastq,2327093488
SRS404813,SRR822906_1.fastq,SRR822906_2.fastq,2460083408
SRS404778,SRR822910_1.fastq,SRR822910_2.fastq,2770122368
SRS404741,SRR822916_1.fastq,SRR822916_2.fastq,2810441808
SRS404484,SRR822917_1.fastq,SRR822917_2.fastq,2548680448
SRS404780,SRR822918_1.fastq,SRR822918_2.fastq,2086557248
SRS404766,SRR822919_1.fastq,SRR822919_2.fastq,2487259648
SRS404743,SRR822920_1.fastq,SRR822920_2.fastq,2783427968
SRS404765,SRR822922_1.fastq,SRR822922_2.fastq,949521488
SRS404753,SRR822923_1.fastq,SRR822923_2.fastq,2569727488
SRS404793,SRR822924_1.fastq,SRR822924_2.fastq,2138369568
SRS404760,SRR822941_1.fastq,SRR822941_2.fastq,2497316128
SRS404794,SRR822943_1.fastq,SRR822943_2.fastq,2591217488
SRS404756,SRR822944_1.fastq,SRR822944_2.fastq,2474307408
SRS404496,SRR822947_1.fastq,SRR822947_2.fastq,2610581728
SRS404773,SRR822951_1.fastq,SRR822951_2.fastq,2614029088
SRS404786,SRR822952_1.fastq,SRR822952_2.fastq,2287475728
SRS404517,SRR822953_1.fastq,SRR822953_2.fastq,2747386368
SRS404495,SRR822954_1.fastq,SRR822954_2.fastq,2886968608
SRS404452,SRR822955_1.fastq,SRR822955_2.fastq,1167960688
SRS404517,SRR823291_1.fastq,SRR823291_2.fastq,2726550448
SRS404773,SRR823292_1.fastq,SRR823292_2.fastq,2610572768
SRS404788,SRR823293_1.fastq,SRR823293_2.fastq,2456590688
SRS404775,SRR823295_1.fastq,SRR823295_2.fastq,2496468848
SRS404735,SRR823296_1.fastq,SRR823296_2.fastq,2618317568
SRS404750,SRR823297_1.fastq,SRR823297_2.fastq,4226522208
SRS404746,SRR823299_1.fastq,SRR823299_2.fastq,1025173008
SRS404739,SRR823300_1.fastq,SRR823300_2.fastq,2446083968
SRS404739,SRR823301_1.fastq,SRR823301_2.fastq,930551488
SRS404789,SRR823302_1.fastq,SRR823302_2.fastq,2645975408
SRS404789,SRR823303_1.fastq,SRR823303_2.fastq,1110159728
SRS404810,SRR823306_1.fastq,SRR823306_2.fastq,790379568
SRS404803,SRR823307_1.fastq,SRR823307_2.fastq,2668796528
SRS404462,SRR823351_1.fastq,SRR823351_2.fastq,2367848048
SRS404443,SRR823352_1.fastq,SRR823352_2.fastq,2764881888
SRS404745,SRR823356_1.fastq,SRR823356_2.fastq,2711860528
SRS404779,SRR823357_1.fastq,SRR823357_2.fastq,2209637408
SRS405120,SRR823358_1.fastq,SRR823358_2.fastq,2944907888
SRS404514,SRR823359_1.fastq,SRR823359_2.fastq,2649857888
SRS404797,SRR823384_1.fastq,SRR823384_2.fastq,2407764288
SRS404775,SRR823388_1.fastq,SRR823388_2.fastq,2508374448
SRS404477,SRR823389_1.fastq,SRR823389_2.fastq,2233217328
SRS404784,SRR823391_1.fastq,SRR823391_2.fastq,2897205408
SRS404784,SRR823392_1.fastq,SRR823392_2.fastq,2888078528
SRS404739,SRR823393_1.fastq,SRR823393_2.fastq,2451443728
SRS404789,SRR823394_1.fastq,SRR823394_2.fastq,1200505648
SRS404810,SRR823395_1.fastq,SRR823395_2.fastq,2498345968
SRS404755,SRR823396_1.fastq,SRR823396_2.fastq,1283459008
SRS404778,SRR823397_1.fastq,SRR823397_2.fastq,2817943008
SRS405149,SRR823399_1.fastq,SRR823399_2.fastq,2371203008
SRS404740,SRR823400_1.fastq,SRR823400_2.fastq,891339728
SRS404740,SRR823401_1.fastq,SRR823401_2.fastq,2324329888
SRS404452,SRR823402_1.fastq,SRR823402_2.fastq,1104167168
SRS404443,SRR823542_1.fastq,SRR823542_2.fastq,2837506048
SRS404760,SRR823560_1.fastq,SRR823560_2.fastq,2496564608
SRS404794,SRR823565_1.fastq,SRR823565_2.fastq,2588798288
SRS404513,SRR823567_1.fastq,SRR823567_2.fastq,2314673808
SRS404496,SRR823569_1.fastq,SRR823569_2.fastq,2635702768
SRS404772,SRR823570_1.fastq,SRR823570_2.fastq,2285551008
SRS404805,SRR823571_1.fastq,SRR823571_2.fastq,3035408928
SRS404448,SRR823764_1.fastq,SRR823764_2.fastq,990343248
SRS404808,SRR823912_1.fastq,SRR823912_2.fastq,1078145088
SRS404755,SRR823913_1.fastq,SRR823913_2.fastq,1226363088
SRS404755,SRR823914_1.fastq,SRR823914_2.fastq,3187384528
SRS404778,SRR823915_1.fastq,SRR823915_2.fastq,1340497808
SRS405124,SRR825333_1.fastq,SRR825333_2.fastq,2526175168
SRS404765,SRR825337_1.fastq,SRR825337_2.fastq,1049143248
SRS404492,SRR825356_1.fastq,SRR825356_2.fastq,2612309888
SRS405151,SRR825359_1.fastq,SRR825359_2.fastq,2783732048
SRS404756,SRR825369_1.fastq,SRR825369_2.fastq,2486697408
SRS404782,SRR825373_1.fastq,SRR825373_2.fastq,2245166608
SRS404746,SRR825376_1.fastq,SRR825376_2.fastq,996947328
SRS404808,SRR825479_1.fastq,SRR825479_2.fastq,1106729728
SRS404506,SRR835458_1.fastq,SRR835458_2.fastq,3339536
SRS404506,SRR835459_1.fastq,SRR835459_2.fastq,3262888
SRS404495,SRR835462_1.fastq,SRR835462_2.fastq,10291183944
SRS404495,SRR835463_1.fastq,SRR835463_2.fastq,9591447704
SRS404778,SRR835464_1.fastq,SRR835464_2.fastq,8902483016
SRS404778,SRR835465_1.fastq,SRR835465_2.fastq,8193085096
SRS404475,SRR835468_1.fastq,SRR835468_2.fastq,11065166304
SRS404475,SRR835469_1.fastq,SRR835469_2.fastq,11784898416
SRS417571,SRR836535_1.fastq,SRR836535_2.fastq,1390424608
SRS417571,SRR836536_1.fastq,SRR836536_2.fastq,1387757888
SRS417571,SRR836537_1.fastq,SRR836537_2.fastq,1398266848
SRS417571,SRR836538_1.fastq,SRR836538_2.fastq,1373263968
SRS417571,SRR836539_1.fastq,SRR836539_2.fastq,1377993168
SRS417572,SRR836540_1.fastq,SRR836540_2.fastq,1365777328
SRS417572,SRR836541_1.fastq,SRR836541_2.fastq,1349630288
SRS417572,SRR836542_1.fastq,SRR836542_2.fastq,1360294928
SRS417572,SRR836543_1.fastq,SRR836543_2.fastq,1343086128
SRS417572,SRR836544_1.fastq,SRR836544_2.fastq,1294747488
SRS417572,SRR836545_1.fastq,SRR836545_2.fastq,1360950128
SRS417573,SRR836547_1.fastq,SRR836547_2.fastq,1106604288
SRS417573,SRR836548_1.fastq,SRR836548_2.fastq,1111683488
SRS417573,SRR836549_1.fastq,SRR836549_2.fastq,1107543968
SRS417573,SRR836550_1.fastq,SRR836550_2.fastq,1096239808
SRS417573,SRR836551_1.fastq,SRR836551_2.fastq,1094205328
SRS417583,SRR836552_1.fastq,SRR836552_2.fastq,1261110528
SRS417583,SRR836553_1.fastq,SRR836553_2.fastq,1255432128
SRS417583,SRR836554_1.fastq,SRR836554_2.fastq,1254719808
SRS417583,SRR836555_1.fastq,SRR836555_2.fastq,1276427088
SRS417583,SRR836556_1.fastq,SRR836556_2.fastq,1298885328
SRS417583,SRR836557_1.fastq,SRR836557_2.fastq,1255859968
SRS417575,SRR836558_1.fastq,SRR836558_2.fastq,1065835728
SRS417575,SRR836559_1.fastq,SRR836559_2.fastq,1083150368
SRS417575,SRR836560_1.fastq,SRR836560_2.fastq,1065303168
SRS417575,SRR836561_1.fastq,SRR836561_2.fastq,1117200608
SRS417575,SRR836562_1.fastq,SRR836562_2.fastq,1065803248
SRS417575,SRR836563_1.fastq,SRR836563_2.fastq,1071138368
SRS417576,SRR836564_1.fastq,SRR836564_2.fastq,1355396048
SRS417576,SRR836565_1.fastq,SRR836565_2.fastq,1403147248
SRS417576,SRR836566_1.fastq,SRR836566_2.fastq,1359426928
SRS417576,SRR836567_1.fastq,SRR836567_2.fastq,1356046768
SRS417576,SRR836568_1.fastq,SRR836568_2.fastq,1375136048
SRS417576,SRR836569_1.fastq,SRR836569_2.fastq,1350933408
SRS417577,SRR836570_1.fastq,SRR836570_2.fastq,1359391648
SRS417577,SRR836571_1.fastq,SRR836571_2.fastq,1368194848
SRS417577,SRR836572_1.fastq,SRR836572_2.fastq,1334793088
SRS417577,SRR836573_1.fastq,SRR836573_2.fastq,4214132208
SRS417577,SRR836574_1.fastq,SRR836574_2.fastq,2040235168
SRS417577,SRR836575_1.fastq,SRR836575_2.fastq,1348237008
SRS417577,SRR836576_1.fastq,SRR836576_2.fastq,2225710528
SRS417577,SRR836577_1.fastq,SRR836577_2.fastq,1346939488
SRS417577,SRR836578_1.fastq,SRR836578_2.fastq,4242848448
SRS417577,SRR836579_1.fastq,SRR836579_2.fastq,2215254768
SRS417577,SRR836580_1.fastq,SRR836580_2.fastq,1356323968
SRS417578,SRR836581_1.fastq,SRR836581_2.fastq,1351251488
SRS417578,SRR836582_1.fastq,SRR836582_2.fastq,1329607488
SRS417578,SRR836583_1.fastq,SRR836583_2.fastq,1342901888
SRS417578,SRR836584_1.fastq,SRR836584_2.fastq,1330762208
SRS417578,SRR836585_1.fastq,SRR836585_2.fastq,1328643168
SRS417578,SRR836586_1.fastq,SRR836586_2.fastq,1337809808
SRS417586,SRR836588_1.fastq,SRR836588_2.fastq,1173200048
SRS417586,SRR836589_1.fastq,SRR836589_2.fastq,1169724128
SRS417586,SRR836590_1.fastq,SRR836590_2.fastq,1176805328
SRS417586,SRR836591_1.fastq,SRR836591_2.fastq,1192793888
SRS417586,SRR836592_1.fastq,SRR836592_2.fastq,1168550368
SRS417579,SRR836594_1.fastq,SRR836594_2.fastq,1364655088
SRS417579,SRR836595_1.fastq,SRR836595_2.fastq,1342498688
SRS417579,SRR836596_1.fastq,SRR836596_2.fastq,1353629808
SRS417579,SRR836597_1.fastq,SRR836597_2.fastq,1355756688
SRS417579,SRR836598_1.fastq,SRR836598_2.fastq,1345647568
SRS417581,SRR836599_1.fastq,SRR836599_2.fastq,1340361728
SRS417581,SRR836600_1.fastq,SRR836600_2.fastq,1350449008
SRS417581,SRR836601_1.fastq,SRR836601_2.fastq,1361183088
SRS417581,SRR836602_1.fastq,SRR836602_2.fastq,1341513088
SRS417581,SRR836603_1.fastq,SRR836603_2.fastq,1353325728
SRS417582,SRR836604_1.fastq,SRR836604_2.fastq,1370558608
SRS417582,SRR836605_1.fastq,SRR836605_2.fastq,1393411648
SRS417582,SRR836606_1.fastq,SRR836606_2.fastq,1381478608
SRS417582,SRR836607_1.fastq,SRR836607_2.fastq,1381358208
SRS417582,SRR836608_1.fastq,SRR836608_2.fastq,1371375648
SRS417582,SRR836609_1.fastq,SRR836609_2.fastq,1378745808
SRS417585,SRR836610_1.fastq,SRR836610_2.fastq,1257390448
SRS417585,SRR836611_1.fastq,SRR836611_2.fastq,1260826048
SRS417585,SRR836612_1.fastq,SRR836612_2.fastq,1275573088
SRS417585,SRR836613_1.fastq,SRR836613_2.fastq,1252790608
SRS417585,SRR836614_1.fastq,SRR836614_2.fastq,1257987408
SRS417587,SRR836615_1.fastq,SRR836615_2.fastq,1631215088
SRS417587,SRR836616_1.fastq,SRR836616_2.fastq,1651985488
SRS417587,SRR836617_1.fastq,SRR836617_2.fastq,1640455648
SRS417587,SRR836618_1.fastq,SRR836618_2.fastq,1641235728
SRS417587,SRR836619_1.fastq,SRR836619_2.fastq,1622866608
SRS417588,SRR836620_1.fastq,SRR836620_2.fastq,1462053648
SRS417588,SRR836621_1.fastq,SRR836621_2.fastq,1463573488
SRS417588,SRR836622_1.fastq,SRR836622_2.fastq,1472745728
SRS417588,SRR836623_1.fastq,SRR836623_2.fastq,1450349648
SRS417588,SRR836624_1.fastq,SRR836624_2.fastq,1453710768
SRS417597,SRR836626_1.fastq,SRR836626_2.fastq,1209912528
SRS417597,SRR836627_1.fastq,SRR836627_2.fastq,1207756528
SRS417597,SRR836628_1.fastq,SRR836628_2.fastq,1216001408
SRS417597,SRR836629_1.fastq,SRR836629_2.fastq,1232630608
SRS417597,SRR836630_1.fastq,SRR836630_2.fastq,1213236128
SRS417590,SRR836631_1.fastq,SRR836631_2.fastq,1344315328
SRS417590,SRR836632_1.fastq,SRR836632_2.fastq,1336144928
SRS417590,SRR836633_1.fastq,SRR836633_2.fastq,1356150928
SRS417590,SRR836634_1.fastq,SRR836634_2.fastq,1349690208
SRS417590,SRR836635_1.fastq,SRR836635_2.fastq,1330344448
SRS417591,SRR836636_1.fastq,SRR836636_2.fastq,1282053968
SRS417591,SRR836637_1.fastq,SRR836637_2.fastq,1340982208
SRS417591,SRR836638_1.fastq,SRR836638_2.fastq,1274024128
SRS417591,SRR836639_1.fastq,SRR836639_2.fastq,1275941008
SRS417591,SRR836640_1.fastq,SRR836640_2.fastq,1297145408
SRS417591,SRR836641_1.fastq,SRR836641_2.fastq,1272816768
SRS417593,SRR836642_1.fastq,SRR836642_2.fastq,1156634688
SRS417593,SRR836643_1.fastq,SRR836643_2.fastq,1175523488
SRS417593,SRR836644_1.fastq,SRR836644_2.fastq,1157937808
SRS417593,SRR836645_1.fastq,SRR836645_2.fastq,1182076048
SRS417593,SRR836646_1.fastq,SRR836646_2.fastq,1165725168
SRS417593,SRR836647_1.fastq,SRR836647_2.fastq,1154646128
SRS417594,SRR836648_1.fastq,SRR836648_2.fastq,1361179168
SRS417594,SRR836649_1.fastq,SRR836649_2.fastq,1330008448
SRS417594,SRR836650_1.fastq,SRR836650_2.fastq,1342190128
SRS417594,SRR836651_1.fastq,SRR836651_2.fastq,1322674688
SRS417594,SRR836652_1.fastq,SRR836652_2.fastq,1318914848
SRS417594,SRR836653_1.fastq,SRR836653_2.fastq,1320533248
SRS417603,SRR836654_1.fastq,SRR836654_2.fastq,1106199408
SRS417603,SRR836655_1.fastq,SRR836655_2.fastq,1122788288
SRS417603,SRR836656_1.fastq,SRR836656_2.fastq,1153634208
SRS417603,SRR836657_1.fastq,SRR836657_2.fastq,1101247328
SRS417603,SRR836658_1.fastq,SRR836658_2.fastq,1101461808
SRS417603,SRR836659_1.fastq,SRR836659_2.fastq,1102838288
SRS417595,SRR836660_1.fastq,SRR836660_2.fastq,1443723728
SRS417595,SRR836661_1.fastq,SRR836661_2.fastq,1427772688
SRS417595,SRR836662_1.fastq,SRR836662_2.fastq,1453566848
SRS417595,SRR836663_1.fastq,SRR836663_2.fastq,1443145808
SRS417595,SRR836664_1.fastq,SRR836664_2.fastq,1433671728
SRS417595,SRR836665_1.fastq,SRR836665_2.fastq,1401445968
SRS417596,SRR836666_1.fastq,SRR836666_2.fastq,1307013728
SRS417596,SRR836667_1.fastq,SRR836667_2.fastq,1313667088
SRS417596,SRR836668_1.fastq,SRR836668_2.fastq,1325699808
SRS417596,SRR836669_1.fastq,SRR836669_2.fastq,1315694848
SRS417596,SRR836670_1.fastq,SRR836670_2.fastq,1314501488
SRS417596,SRR836671_1.fastq,SRR836671_2.fastq,1302554448
SRS417599,SRR836672_1.fastq,SRR836672_2.fastq,1507044608
SRS417599,SRR836673_1.fastq,SRR836673_2.fastq,1496177248
SRS417599,SRR836674_1.fastq,SRR836674_2.fastq,1459890368
SRS417599,SRR836675_1.fastq,SRR836675_2.fastq,1495765648
SRS417599,SRR836676_1.fastq,SRR836676_2.fastq,1479250128
SRS417599,SRR836677_1.fastq,SRR836677_2.fastq,1486484768
SRS417600,SRR836678_1.fastq,SRR836678_2.fastq,1316687728
SRS417600,SRR836679_1.fastq,SRR836679_2.fastq,1329097328
SRS417600,SRR836680_1.fastq,SRR836680_2.fastq,1338141888
SRS417600,SRR836681_1.fastq,SRR836681_2.fastq,1318499888
SRS417600,SRR836682_1.fastq,SRR836682_2.fastq,1325377808
SRS417601,SRR836683_1.fastq,SRR836683_2.fastq,1069408528
SRS417601,SRR836684_1.fastq,SRR836684_2.fastq,1074325328
SRS417601,SRR836685_1.fastq,SRR836685_2.fastq,1068384848
SRS417601,SRR836686_1.fastq,SRR836686_2.fastq,1070095088
SRS417601,SRR836687_1.fastq,SRR836687_2.fastq,1123061008
SRS417601,SRR836688_1.fastq,SRR836688_2.fastq,1089033168
SRS417604,SRR836689_1.fastq,SRR836689_2.fastq,1384577648
SRS417604,SRR836690_1.fastq,SRR836690_2.fastq,1380304848
SRS417604,SRR836691_1.fastq,SRR836691_2.fastq,1382639488
SRS417604,SRR836692_1.fastq,SRR836692_2.fastq,1374979808
SRS417604,SRR836693_1.fastq,SRR836693_2.fastq,1371871808
SRS417604,SRR836694_1.fastq,SRR836694_2.fastq,1394387168
SRS417605,SRR836695_1.fastq,SRR836695_2.fastq,1324670528
SRS417605,SRR836696_1.fastq,SRR836696_2.fastq,4004888208
SRS417605,SRR836697_1.fastq,SRR836697_2.fastq,1311872288
SRS417605,SRR836698_1.fastq,SRR836698_2.fastq,1334553408
SRS417605,SRR836699_1.fastq,SRR836699_2.fastq,3983290688
SRS417605,SRR836700_1.fastq,SRR836700_2.fastq,3664039728
SRS417605,SRR836701_1.fastq,SRR836701_2.fastq,1310015888
SRS417605,SRR836702_1.fastq,SRR836702_2.fastq,1323029168
SRS417605,SRR836703_1.fastq,SRR836703_2.fastq,1317887248
SRS417606,SRR836704_1.fastq,SRR836704_2.fastq,1437436048
SRS417606,SRR836705_1.fastq,SRR836705_2.fastq,2865926048
SRS417606,SRR836706_1.fastq,SRR836706_2.fastq,1511828128
SRS417606,SRR836707_1.fastq,SRR836707_2.fastq,1487975488
SRS417606,SRR836708_1.fastq,SRR836708_2.fastq,1498976128
SRS417606,SRR836709_1.fastq,SRR836709_2.fastq,2632330448
SRS417606,SRR836710_1.fastq,SRR836710_2.fastq,1486669568
SRS417606,SRR836711_1.fastq,SRR836711_2.fastq,2857089248
SRS417606,SRR836712_1.fastq,SRR836712_2.fastq,1501189248
SRS417607,SRR836713_1.fastq,SRR836713_2.fastq,3778952288
SRS417607,SRR836714_1.fastq,SRR836714_2.fastq,1261190608
SRS417607,SRR836715_1.fastq,SRR836715_2.fastq,3756964448
SRS417607,SRR836716_1.fastq,SRR836716_2.fastq,1323624448
SRS417607,SRR836717_1.fastq,SRR836717_2.fastq,1263825408
SRS417607,SRR836718_1.fastq,SRR836718_2.fastq,1259366128
SRS417607,SRR836719_1.fastq,SRR836719_2.fastq,1258469008
SRS417607,SRR836720_1.fastq,SRR836720_2.fastq,3449363728
SRS417607,SRR836721_1.fastq,SRR836721_2.fastq,1283154928
SRS417609,SRR836733_1.fastq,SRR836733_2.fastq,3221210768
SRS417609,SRR836734_1.fastq,SRR836734_2.fastq,1196045248
SRS417609,SRR836735_1.fastq,SRR836735_2.fastq,1165459728
SRS417609,SRR836736_1.fastq,SRR836736_2.fastq,3210015808
SRS417609,SRR836737_1.fastq,SRR836737_2.fastq,1171456208
SRS417609,SRR836738_1.fastq,SRR836738_2.fastq,2965107648
SRS417609,SRR836739_1.fastq,SRR836739_2.fastq,1168462448
SRS417609,SRR836740_1.fastq,SRR836740_2.fastq,1234655008
SRS417609,SRR836741_1.fastq,SRR836741_2.fastq,1177332288
SRS417611,SRR836753_1.fastq,SRR836753_2.fastq,3626209488
SRS417611,SRR836754_1.fastq,SRR836754_2.fastq,3616468848
SRS417611,SRR836755_1.fastq,SRR836755_2.fastq,1200031888
SRS417611,SRR836756_1.fastq,SRR836756_2.fastq,8795727416
SRS417611,SRR836757_1.fastq,SRR836757_2.fastq,8563692600
SRS417611,SRR836758_1.fastq,SRR836758_2.fastq,1205742768
SRS417611,SRR836759_1.fastq,SRR836759_2.fastq,1221600288
SRS417611,SRR836760_1.fastq,SRR836760_2.fastq,1201351808
SRS417611,SRR836761_1.fastq,SRR836761_2.fastq,3323689648
SRS417611,SRR836762_1.fastq,SRR836762_2.fastq,1199373328
SRS417612,SRR836763_1.fastq,SRR836763_2.fastq,1347271008
SRS417612,SRR836764_1.fastq,SRR836764_2.fastq,1346031728
SRS417612,SRR836765_1.fastq,SRR836765_2.fastq,1355352368
SRS417612,SRR836766_1.fastq,SRR836766_2.fastq,3670800048
SRS417612,SRR836767_1.fastq,SRR836767_2.fastq,1359113888
SRS417612,SRR836768_1.fastq,SRR836768_2.fastq,1366706928
SRS417612,SRR836769_1.fastq,SRR836769_2.fastq,3700041008
SRS417612,SRR836770_1.fastq,SRR836770_2.fastq,3387583408
SRS417614,SRR836771_1.fastq,SRR836771_2.fastq,2377380928
SRS417614,SRR836772_1.fastq,SRR836772_2.fastq,1354874128
SRS417614,SRR836773_1.fastq,SRR836773_2.fastq,1364067088
SRS417614,SRR836774_1.fastq,SRR836774_2.fastq,2364631968
SRS417614,SRR836775_1.fastq,SRR836775_2.fastq,10175477800
SRS417614,SRR836776_1.fastq,SRR836776_2.fastq,10848010816
SRS417614,SRR836777_1.fastq,SRR836777_2.fastq,2189168288
SRS417614,SRR836778_1.fastq,SRR836778_2.fastq,1375282768
SRS417614,SRR836779_1.fastq,SRR836779_2.fastq,1351711808
SRS417614,SRR836780_1.fastq,SRR836780_2.fastq,1364569408
SRS417614,SRR836781_1.fastq,SRR836781_2.fastq,1327556208
SRS417615,SRR836784_1.fastq,SRR836784_2.fastq,1445808048
SRS417615,SRR836785_1.fastq,SRR836785_2.fastq,3934249248
SRS417615,SRR836786_1.fastq,SRR836786_2.fastq,1453046608
SRS417615,SRR836787_1.fastq,SRR836787_2.fastq,1459590208
SRS417615,SRR836788_1.fastq,SRR836788_2.fastq,1468029408
SRS417615,SRR836789_1.fastq,SRR836789_2.fastq,1480093488
SRS417615,SRR836790_1.fastq,SRR836790_2.fastq,3902572848
SRS417615,SRR836791_1.fastq,SRR836791_2.fastq,12401508424
SRS417615,SRR836792_1.fastq,SRR836792_2.fastq,11468328728
SRS417615,SRR836793_1.fastq,SRR836793_2.fastq,1467567968
SRS417615,SRR836794_1.fastq,SRR836794_2.fastq,3602410048
SRS417616,SRR836797_1.fastq,SRR836797_2.fastq,1539674128
SRS417616,SRR836798_1.fastq,SRR836798_2.fastq,2654491888
SRS417616,SRR836799_1.fastq,SRR836799_2.fastq,2639553328
SRS417616,SRR836800_1.fastq,SRR836800_2.fastq,1553473088
SRS417616,SRR836801_1.fastq,SRR836801_2.fastq,9385195544
SRS417616,SRR836802_1.fastq,SRR836802_2.fastq,9114778696
SRS417616,SRR836803_1.fastq,SRR836803_2.fastq,1566796608
SRS417616,SRR836804_1.fastq,SRR836804_2.fastq,2438581088
SRS417616,SRR836805_1.fastq,SRR836805_2.fastq,1550506768
SRS417616,SRR836806_1.fastq,SRR836806_2.fastq,1577955168
SRS417616,SRR836807_1.fastq,SRR836807_2.fastq,1561063328
SRS417618,SRR836808_1.fastq,SRR836808_2.fastq,1429571968
SRS417618,SRR836809_1.fastq,SRR836809_2.fastq,1447442688
SRS417618,SRR836810_1.fastq,SRR836810_2.fastq,1444413648
SRS417618,SRR836811_1.fastq,SRR836811_2.fastq,1435221248
SRS417618,SRR836812_1.fastq,SRR836812_2.fastq,1456107568
SRS417619,SRR836813_1.fastq,SRR836813_2.fastq,1375303488
SRS417619,SRR836814_1.fastq,SRR836814_2.fastq,1381478608
SRS417619,SRR836815_1.fastq,SRR836815_2.fastq,1375087328
SRS417619,SRR836816_1.fastq,SRR836816_2.fastq,1393361808
SRS417619,SRR836817_1.fastq,SRR836817_2.fastq,1368658528
SRS417619,SRR836818_1.fastq,SRR836818_2.fastq,1383794208
SRS417620,SRR836819_1.fastq,SRR836819_2.fastq,1612035648
SRS417620,SRR836820_1.fastq,SRR836820_2.fastq,1601069168
SRS417620,SRR836821_1.fastq,SRR836821_2.fastq,1582222928
SRS417620,SRR836822_1.fastq,SRR836822_2.fastq,1586607168
SRS417620,SRR836823_1.fastq,SRR836823_2.fastq,1596564528
SRS417620,SRR836824_1.fastq,SRR836824_2.fastq,1568954288
SRS417622,SRR836825_1.fastq,SRR836825_2.fastq,1201134528
SRS417622,SRR836826_1.fastq,SRR836826_2.fastq,1232767248
SRS417622,SRR836827_1.fastq,SRR836827_2.fastq,1196818608
SRS417622,SRR836828_1.fastq,SRR836828_2.fastq,1194707408
SRS417622,SRR836829_1.fastq,SRR836829_2.fastq,1193653488
SRS417622,SRR836830_1.fastq,SRR836830_2.fastq,1214652368
SRS417624,SRR836831_1.fastq,SRR836831_2.fastq,1249360608
SRS417624,SRR836832_1.fastq,SRR836832_2.fastq,1245030688
SRS417624,SRR836833_1.fastq,SRR836833_2.fastq,1242620448
SRS417624,SRR836834_1.fastq,SRR836834_2.fastq,1243839568
SRS417624,SRR836835_1.fastq,SRR836835_2.fastq,1264398848
SRS417625,SRR836837_1.fastq,SRR836837_2.fastq,1439925248
SRS417625,SRR836838_1.fastq,SRR836838_2.fastq,1461674528
SRS417625,SRR836839_1.fastq,SRR836839_2.fastq,1470832768
SRS417625,SRR836840_1.fastq,SRR836840_2.fastq,1471804368
SRS417625,SRR836841_1.fastq,SRR836841_2.fastq,1478751728
SRS417625,SRR836842_1.fastq,SRR836842_2.fastq,1454186208
SRS417635,SRR836854_1.fastq,SRR836854_2.fastq,1242357248
SRS417635,SRR836855_1.fastq,SRR836855_2.fastq,1188382768
SRS417635,SRR836856_1.fastq,SRR836856_2.fastq,1188113408
SRS417635,SRR836857_1.fastq,SRR836857_2.fastq,1190246448
SRS417635,SRR836858_1.fastq,SRR836858_2.fastq,1194475568
SRS417635,SRR836859_1.fastq,SRR836859_2.fastq,1209866608
SRS417636,SRR836860_1.fastq,SRR836860_2.fastq,1591119088
SRS417636,SRR836861_1.fastq,SRR836861_2.fastq,1571326448
SRS417636,SRR836862_1.fastq,SRR836862_2.fastq,1555989728
SRS417636,SRR836863_1.fastq,SRR836863_2.fastq,1602404768
SRS417636,SRR836864_1.fastq,SRR836864_2.fastq,1576920288
SRS417636,SRR836865_1.fastq,SRR836865_2.fastq,1584893008
SRS417637,SRR836871_1.fastq,SRR836871_2.fastq,1425386528
SRS417637,SRR836872_1.fastq,SRR836872_2.fastq,1414277808
SRS417637,SRR836873_1.fastq,SRR836873_2.fastq,1408435888
SRS417637,SRR836874_1.fastq,SRR836874_2.fastq,1432254368
SRS417637,SRR836875_1.fastq,SRR836875_2.fastq,1423735088
SRS417639,SRR836876_1.fastq,SRR836876_2.fastq,1231771008
SRS417639,SRR836877_1.fastq,SRR836877_2.fastq,1228227328
SRS417639,SRR836878_1.fastq,SRR836878_2.fastq,1283996048
SRS417639,SRR836879_1.fastq,SRR836879_2.fastq,2522984288
SRS417639,SRR836880_1.fastq,SRR836880_2.fastq,1227602368
SRS417639,SRR836881_1.fastq,SRR836881_2.fastq,3416169728
SRS417639,SRR836882_1.fastq,SRR836882_2.fastq,2509422208
SRS417639,SRR836883_1.fastq,SRR836883_2.fastq,2321694528
SRS417639,SRR836884_1.fastq,SRR836884_2.fastq,1225807568
SRS417639,SRR836885_1.fastq,SRR836885_2.fastq,1249004448
SRS417641,SRR836887_1.fastq,SRR836887_2.fastq,1488371408
SRS417641,SRR836888_1.fastq,SRR836888_2.fastq,1495697888
SRS417641,SRR836889_1.fastq,SRR836889_2.fastq,1507570448
SRS417641,SRR836890_1.fastq,SRR836890_2.fastq,1482326208
SRS417641,SRR836891_1.fastq,SRR836891_2.fastq,1497639408
SRS417642,SRR836892_1.fastq,SRR836892_2.fastq,1291602528
SRS417642,SRR836893_1.fastq,SRR836893_2.fastq,1302365728
SRS417642,SRR836894_1.fastq,SRR836894_2.fastq,1279649888
SRS417642,SRR836895_1.fastq,SRR836895_2.fastq,1292022528
SRS417642,SRR836896_1.fastq,SRR836896_2.fastq,1287414848
SRS417642,SRR836897_1.fastq,SRR836897_2.fastq,1283368288
SRS417643,SRR836898_1.fastq,SRR836898_2.fastq,1426637008
SRS417643,SRR836899_1.fastq,SRR836899_2.fastq,1436474528
SRS417643,SRR836900_1.fastq,SRR836900_2.fastq,1425052208
SRS417643,SRR836901_1.fastq,SRR836901_2.fastq,1415952768
SRS417643,SRR836902_1.fastq,SRR836902_2.fastq,1411517008
SRS417644,SRR836903_1.fastq,SRR836903_2.fastq,1448139328
SRS417644,SRR836904_1.fastq,SRR836904_2.fastq,1441156128
SRS417644,SRR836905_1.fastq,SRR836905_2.fastq,3252766208
SRS417644,SRR836906_1.fastq,SRR836906_2.fastq,1440714288
SRS417644,SRR836907_1.fastq,SRR836907_2.fastq,3515092048
SRS417644,SRR836908_1.fastq,SRR836908_2.fastq,1428999648
SRS417644,SRR836909_1.fastq,SRR836909_2.fastq,1424677568
SRS417644,SRR836910_1.fastq,SRR836910_2.fastq,3529696288
SRS417647,SRR836911_1.fastq,SRR836911_2.fastq,1222331648
SRS417647,SRR836912_1.fastq,SRR836912_2.fastq,1268032128
SRS417647,SRR836913_1.fastq,SRR836913_2.fastq,1238265888
SRS417647,SRR836914_1.fastq,SRR836914_2.fastq,1225878128
SRS417647,SRR836915_1.fastq,SRR836915_2.fastq,1217467488
SRS417647,SRR836916_1.fastq,SRR836916_2.fastq,1221277168
SRS417658,SRR836917_1.fastq,SRR836917_2.fastq,1217732928
SRS417658,SRR836918_1.fastq,SRR836918_2.fastq,1224281008
SRS417658,SRR836919_1.fastq,SRR836919_2.fastq,1222755008
SRS417658,SRR836920_1.fastq,SRR836920_2.fastq,1221782288
SRS417658,SRR836921_1.fastq,SRR836921_2.fastq,1241288768
SRS417650,SRR836922_1.fastq,SRR836922_2.fastq,1187429088
SRS417650,SRR836923_1.fastq,SRR836923_2.fastq,1168138768
SRS417650,SRR836924_1.fastq,SRR836924_2.fastq,1167691328
SRS417650,SRR836925_1.fastq,SRR836925_2.fastq,1174877808
SRS417650,SRR836926_1.fastq,SRR836926_2.fastq,3706082848
SRS417650,SRR836927_1.fastq,SRR836927_2.fastq,3693176528
SRS417650,SRR836928_1.fastq,SRR836928_2.fastq,3401458528
SRS417650,SRR836929_1.fastq,SRR836929_2.fastq,1172373488
SRS417651,SRR836930_1.fastq,SRR836930_2.fastq,3231504128
SRS417651,SRR836931_1.fastq,SRR836931_2.fastq,1414675408
SRS417651,SRR836932_1.fastq,SRR836932_2.fastq,2997543968
SRS417651,SRR836933_1.fastq,SRR836933_2.fastq,1423229408
SRS417651,SRR836934_1.fastq,SRR836934_2.fastq,3240550368
SRS417651,SRR836935_1.fastq,SRR836935_2.fastq,1415417408
SRS417651,SRR836936_1.fastq,SRR836936_2.fastq,1414165808
SRS417651,SRR836937_1.fastq,SRR836937_2.fastq,1440942768
SRS417652,SRR836938_1.fastq,SRR836938_2.fastq,1248830848
SRS417652,SRR836939_1.fastq,SRR836939_2.fastq,1242893728
SRS417652,SRR836940_1.fastq,SRR836940_2.fastq,1238778848
SRS417652,SRR836941_1.fastq,SRR836941_2.fastq,1240414048
SRS417652,SRR836942_1.fastq,SRR836942_2.fastq,1257657008
SRS417652,SRR836943_1.fastq,SRR836943_2.fastq,1259818048
SRS417653,SRR836944_1.fastq,SRR836944_2.fastq,1155957648
SRS417653,SRR836945_1.fastq,SRR836945_2.fastq,1134239728
SRS417653,SRR836946_1.fastq,SRR836946_2.fastq,1132135248
SRS417653,SRR836947_1.fastq,SRR836947_2.fastq,1136208688
SRS417653,SRR836948_1.fastq,SRR836948_2.fastq,1141130528
SRS417654,SRR836949_1.fastq,SRR836949_2.fastq,1304160528
SRS417654,SRR836950_1.fastq,SRR836950_2.fastq,1364113568
SRS417654,SRR836951_1.fastq,SRR836951_2.fastq,1303837408
SRS417654,SRR836952_1.fastq,SRR836952_2.fastq,1301477008
SRS417654,SRR836953_1.fastq,SRR836953_2.fastq,1311532368
SRS417654,SRR836954_1.fastq,SRR836954_2.fastq,1327392128
SRS417655,SRR836955_1.fastq,SRR836955_2.fastq,229136184
SRS417655,SRR836956_1.fastq,SRR836956_2.fastq,244901856
SRS417655,SRR836957_1.fastq,SRR836957_2.fastq,2577640288
SRS417655,SRR836958_1.fastq,SRR836958_2.fastq,2612577568
SRS417655,SRR836959_1.fastq,SRR836959_2.fastq,2584580928
SRS417655,SRR836960_1.fastq,SRR836960_2.fastq,245862888
SRS417655,SRR836961_1.fastq,SRR836961_2.fastq,2563083088
SRS417655,SRR836962_1.fastq,SRR836962_2.fastq,2563224768
SRS417655,SRR836963_1.fastq,SRR836963_2.fastq,2723067248
SRS417656,SRR836964_1.fastq,SRR836964_2.fastq,1605181248
SRS417656,SRR836965_1.fastq,SRR836965_2.fastq,2868875568
SRS417656,SRR836966_1.fastq,SRR836966_2.fastq,3121424928
SRS417656,SRR836967_1.fastq,SRR836967_2.fastq,1627529728
SRS417656,SRR836968_1.fastq,SRR836968_2.fastq,1616287728
SRS417656,SRR836969_1.fastq,SRR836969_2.fastq,3131864448
SRS417656,SRR836970_1.fastq,SRR836970_2.fastq,1616615328
SRS417656,SRR836971_1.fastq,SRR836971_2.fastq,1597309328
SRS417656,SRR836972_1.fastq,SRR836972_2.fastq,1550757648
SRS417657,SRR836973_1.fastq,SRR836973_2.fastq,1497899808
SRS417657,SRR836974_1.fastq,SRR836974_2.fastq,1506241568
SRS417657,SRR836975_1.fastq,SRR836975_2.fastq,1523033728
SRS417657,SRR836976_1.fastq,SRR836976_2.fastq,1474797568
SRS417657,SRR836977_1.fastq,SRR836977_2.fastq,1512997968
SRS417657,SRR836978_1.fastq,SRR836978_2.fastq,1495597648
SRS417659,SRR836979_1.fastq,SRR836979_2.fastq,1585421648
SRS417659,SRR836980_1.fastq,SRR836980_2.fastq,32890608
SRS417659,SRR836981_1.fastq,SRR836981_2.fastq,35830928
SRS417659,SRR836982_1.fastq,SRR836982_2.fastq,1573581008
SRS417659,SRR836983_1.fastq,SRR836983_2.fastq,1543418288
SRS417659,SRR836984_1.fastq,SRR836984_2.fastq,1596510208
SRS417659,SRR836985_1.fastq,SRR836985_2.fastq,1567438928
SRS417659,SRR836986_1.fastq,SRR836986_2.fastq,35460464
SRS417659,SRR836987_1.fastq,SRR836987_2.fastq,1584122448
SRS417662,SRR836988_1.fastq,SRR836988_2.fastq,1383803728
SRS417662,SRR836989_1.fastq,SRR836989_2.fastq,1359078608
SRS417662,SRR836990_1.fastq,SRR836990_2.fastq,1373338448
SRS417662,SRR836991_1.fastq,SRR836991_2.fastq,1364736848
SRS417662,SRR836992_1.fastq,SRR836992_2.fastq,1371883568
SRS417662,SRR836993_1.fastq,SRR836993_2.fastq,1352451008
SRS417661,SRR836994_1.fastq,SRR836994_2.fastq,3154503008
SRS417661,SRR836995_1.fastq,SRR836995_2.fastq,1482349728
SRS417661,SRR836996_1.fastq,SRR836996_2.fastq,3132506768
SRS417661,SRR836997_1.fastq,SRR836997_2.fastq,1508367328
SRS417661,SRR836998_1.fastq,SRR836998_2.fastq,1495308128
SRS417661,SRR836999_1.fastq,SRR836999_2.fastq,2901692128
SRS417661,SRR837000_1.fastq,SRR837000_2.fastq,1512545488
SRS417661,SRR837001_1.fastq,SRR837001_2.fastq,1492401728
SRS417661,SRR837002_1.fastq,SRR837002_2.fastq,1493982608
SRS417665,SRR837022_1.fastq,SRR837022_2.fastq,4582089168
SRS417665,SRR837023_1.fastq,SRR837023_2.fastq,4193928528
SRS417665,SRR837024_1.fastq,SRR837024_2.fastq,1360106768
SRS417665,SRR837025_1.fastq,SRR837025_2.fastq,1417424448
SRS417665,SRR837026_1.fastq,SRR837026_2.fastq,1425604368
SRS417665,SRR837027_1.fastq,SRR837027_2.fastq,1405358688
SRS417665,SRR837028_1.fastq,SRR837028_2.fastq,1417139408
SRS417665,SRR837029_1.fastq,SRR837029_2.fastq,4574052048
SRS417665,SRR837030_1.fastq,SRR837030_2.fastq,1401346848
SRS417667,SRR837034_1.fastq,SRR837034_2.fastq,1399400848
SRS417667,SRR837035_1.fastq,SRR837035_2.fastq,1422940448
SRS417667,SRR837036_1.fastq,SRR837036_2.fastq,5722704
SRS417667,SRR837037_1.fastq,SRR837037_2.fastq,5924528
SRS417667,SRR837038_1.fastq,SRR837038_2.fastq,1413234528
SRS417667,SRR837039_1.fastq,SRR837039_2.fastq,1404795328
SRS417667,SRR837040_1.fastq,SRR837040_2.fastq,1411461008
SRS417667,SRR837041_1.fastq,SRR837041_2.fastq,1395735088
SRS417667,SRR837042_1.fastq,SRR837042_2.fastq,3172544528
SRS417667,SRR837043_1.fastq,SRR837043_2.fastq,3193581488
SRS417667,SRR837044_1.fastq,SRR837044_2.fastq,2931377168
SRS417668,SRR837046_1.fastq,SRR837046_2.fastq,9671815160
SRS417668,SRR837047_1.fastq,SRR837047_2.fastq,2385051808
SRS417668,SRR837049_1.fastq,SRR837049_2.fastq,2594818848
SRS417668,SRR837050_1.fastq,SRR837050_2.fastq,2589006608
SRS417668,SRR837051_1.fastq,SRR837051_2.fastq,1395809568
SRS417668,SRR837052_1.fastq,SRR837052_2.fastq,1403431728
SRS417668,SRR837053_1.fastq,SRR837053_2.fastq,10406812272
SRS417668,SRR837054_1.fastq,SRR837054_2.fastq,1392405888
SRS417668,SRR837055_1.fastq,SRR837055_2.fastq,1415207408
SRS417668,SRR837056_1.fastq,SRR837056_2.fastq,1404676048
SRS417669,SRR837059_1.fastq,SRR837059_2.fastq,1207582928
SRS417669,SRR837060_1.fastq,SRR837060_2.fastq,7775203520
SRS417669,SRR837061_1.fastq,SRR837061_2.fastq,1212019248
SRS417669,SRR837062_1.fastq,SRR837062_2.fastq,1230744528
SRS417669,SRR837063_1.fastq,SRR837063_2.fastq,2352406048
SRS417669,SRR837064_1.fastq,SRR837064_2.fastq,2554932288
SRS417669,SRR837065_1.fastq,SRR837065_2.fastq,1211064448
SRS417669,SRR837066_1.fastq,SRR837066_2.fastq,1218001728
SRS417669,SRR837067_1.fastq,SRR837067_2.fastq,2566565728
SRS417669,SRR837068_1.fastq,SRR837068_2.fastq,7976284608
SRS417675,SRR837073_1.fastq,SRR837073_2.fastq,1383586448
SRS417675,SRR837074_1.fastq,SRR837074_2.fastq,1379378048
SRS417675,SRR837075_1.fastq,SRR837075_2.fastq,1397716928
SRS417675,SRR837076_1.fastq,SRR837076_2.fastq,2183343728
SRS417675,SRR837077_1.fastq,SRR837077_2.fastq,1372497888
SRS417675,SRR837078_1.fastq,SRR837078_2.fastq,2392582128
SRS417675,SRR837079_1.fastq,SRR837079_2.fastq,1376404448
SRS417675,SRR837080_1.fastq,SRR837080_2.fastq,2345618848
SRS417675,SRR837081_1.fastq,SRR837081_2.fastq,1394718128
SRS417676,SRR837084_1.fastq,SRR837084_2.fastq,1155551088
SRS417676,SRR837085_1.fastq,SRR837085_2.fastq,1160514368
SRS417676,SRR837086_1.fastq,SRR837086_2.fastq,1176324288
SRS417676,SRR837087_1.fastq,SRR837087_2.fastq,1153416928
SRS417676,SRR837088_1.fastq,SRR837088_2.fastq,1153812288
SRS417678,SRR837091_1.fastq,SRR837091_2.fastq,1186662448
SRS417678,SRR837092_1.fastq,SRR837092_2.fastq,1210360528
SRS417678,SRR837093_1.fastq,SRR837093_2.fastq,1173655328
SRS417678,SRR837094_1.fastq,SRR837094_2.fastq,1163827888
SRS417678,SRR837095_1.fastq,SRR837095_2.fastq,1167411888
SRS417678,SRR837096_1.fastq,SRR837096_2.fastq,1167887328
SRS417680,SRR837099_1.fastq,SRR837099_2.fastq,1478243248
SRS417680,SRR837100_1.fastq,SRR837100_2.fastq,1504109648
SRS417680,SRR837101_1.fastq,SRR837101_2.fastq,1489085408
SRS417680,SRR837102_1.fastq,SRR837102_2.fastq,1485841328
SRS417680,SRR837103_1.fastq,SRR837103_2.fastq,1477779008
SRS417651,SRR837382_1.fastq,SRR837382_2.fastq,4356887408
SRS417651,SRR837383_1.fastq,SRR837383_2.fastq,4365537168
SRS417571,SRR841967_1.fastq,SRR841967_2.fastq,1349198528
SRS417573,SRR841968_1.fastq,SRR841968_2.fastq,1052635408
SRS417586,SRR841969_1.fastq,SRR841969_2.fastq,1233206848
SRS417579,SRR841970_1.fastq,SRR841970_2.fastq,1346427648
SRS417581,SRR842032_1.fastq,SRR842032_2.fastq,1333903248
SRS417585,SRR842033_1.fastq,SRR842033_2.fastq,1306270608
SRS417587,SRR842034_1.fastq,SRR842034_2.fastq,1604410128
SRS417588,SRR842035_1.fastq,SRR842035_2.fastq,1407868048
SRS417597,SRR842036_1.fastq,SRR842036_2.fastq,1273820288
SRS417590,SRR842037_1.fastq,SRR842037_2.fastq,1324423008
SRS417600,SRR842038_1.fastq,SRR842038_2.fastq,1318232208
SRS417611,SRR842043_1.fastq,SRR842043_2.fastq,1259655648
SRS417612,SRR842044_1.fastq,SRR842044_2.fastq,1351212288
SRS417618,SRR842045_1.fastq,SRR842045_2.fastq,1395852688
SRS417624,SRR842054_1.fastq,SRR842054_2.fastq,1298939088
SRS417637,SRR842056_1.fastq,SRR842056_2.fastq,1378195888
SRS417639,SRR842057_1.fastq,SRR842057_2.fastq,3395335488
SRS417641,SRR842058_1.fastq,SRR842058_2.fastq,1465791088
SRS417643,SRR842059_1.fastq,SRR842059_2.fastq,1404002368
SRS417644,SRR842061_1.fastq,SRR842061_2.fastq,1391113408
SRS417658,SRR842062_1.fastq,SRR842062_2.fastq,1267086288
SRS417650,SRR842063_1.fastq,SRR842063_2.fastq,1200678688
SRS417651,SRR842064_1.fastq,SRR842064_2.fastq,1484371888
SRS417653,SRR842065_1.fastq,SRR842065_2.fastq,1194699008
SRS417668,SRR842066_1.fastq,SRR842066_2.fastq,1383863648
SRS417669,SRR842067_1.fastq,SRR842067_2.fastq,1251533408
SRS417676,SRR842068_1.fastq,SRR842068_2.fastq,1210004368
SRS417680,SRR842069_1.fastq,SRR842069_2.fastq,1500782688
SRS429660,SRR868750_1.fastq,SRR868750_2.fastq,4751644848
SRS404506,SRR966003_1.fastq,SRR966003_2.fastq,2737608
SRS404506,SRR966004_1.fastq,SRR966004_2.fastq,2014008
