results_AneuFinder,ERS1142697,1324
results_AneuFinder,ERS1142778,1375
results_AneuFinder,ERS1142791,1452
results_AneuFinder,ERS1142798,1336
results_AneuFinder,ERS1142815,1076
results_AneuFinder,ERS1142819,1585
results_AneuFinder,ERS1142844,1496
results_AneuFinder,ERS1142866,1618
results_AneuFinder,ERS1142869,1473
results_AneuFinder,ERS1142878,1615
results_AneuFinder,ERS1142889,1846
results_AneuFinder,ERS1142893,1782
results_AneuFinder,ERS2540945,1743
results_AneuFinder,ERS2540951,1858
results_AneuFinder,ERS2540980,1625
results_AneuFinder,ERS2540986,1824
results_AneuFinder,ERS2541039,1825
results_AneuFinder,ERS2541051,2048
results_AneuFinder,ERS2541061,1480
results_AneuFinder,ERS2541062,1285
results_AneuFinder,ERS2541126,1941
results_AneuFinder,ERS2541183,1894
results_AneuFinder,ERS2541208,1886
results_AneuFinder,ERS2541212,1855
results_AneuFinder,ERS2541222,1817
results_AneuFinder,ERS2541247,1397
results_AneuFinder,ERS2541251,1623
results_AneuFinder,ERS2541258,1814
results_AneuFinder,ERS2541264,1930
results_AneuFinder,ERS2541274,1901
results_AneuFinder,ERS2541279,2055
results_AneuFinder,ERS2541289,2031
results_AneuFinder,ERS2541304,2235
results_AneuFinder,ERS2541308,1580
results_AneuFinder,ERS2541317,1894
results_AneuFinder,ERS2541319,2127
results_AneuFinder,ERS2541335,1830
results_AneuFinder,ERS2541342,1394
results_AneuFinder,ERS2541358,1328
results_AneuFinder,ERS542306,1512
results_AneuFinder,ERS542334,1110
results_AneuFinder,ERS542366,1602
results_AneuFinder,ERS542398,1615
results_AneuFinder,ERS542440,1557
results_AneuFinder,ERS542496,1243
results_AneuFinder,SRS404468,1441
results_AneuFinder,SRS404475,1337
results_AneuFinder,SRS404481,1696
results_AneuFinder,SRS404518,1571
results_AneuFinder,SRS404743,1555
results_AneuFinder,SRS404772,1635
results_AneuFinder,SRS404793,1311
results_AneuFinder,SRS405109,1300
results_AneuFinder,SRS405137,1572
results_AneuFinder,SRS405145,1540
results_AneuFinder,SRS409062,1667
results_AneuFinder,SRS409064,1621
results_AneuFinder,SRS417571,1675
results_AneuFinder,SRS417594,1526
results_AneuFinder,SRS417606,1547
results_AneuFinder,SRS417641,1426
results_AneuFinder,SRS417642,1533
results_AneuFinder,SRS417652,1491
results_AneuFinder,SRS520178,1616
results_AneuFinder,SRS520182,1710
results_AneuFinder,SRS881238,1457
results_AneuFinder,SRS885841,1537
results_AneuFinder,SRS885892,1588
results_AneuFinder,SRS885893,1468
results_AneuFinder,SRS885916,1697
results_cnvpytor,ERS1142697,58
results_cnvpytor,ERS1142778,67
results_cnvpytor,ERS1142791,61
results_cnvpytor,ERS1142798,44
results_cnvpytor,ERS1142815,58
results_cnvpytor,ERS1142819,63
results_cnvpytor,ERS1142844,70
results_cnvpytor,ERS1142866,61
results_cnvpytor,ERS1142869,58
results_cnvpytor,ERS1142878,71
results_cnvpytor,ERS1142889,63
results_cnvpytor,ERS1142893,58
results_cnvpytor,ERS2540945,68
results_cnvpytor,ERS2540951,56
results_cnvpytor,ERS2540980,58
results_cnvpytor,ERS2540986,68
results_cnvpytor,ERS2541039,69
results_cnvpytor,ERS2541051,70
results_cnvpytor,ERS2541061,70
results_cnvpytor,ERS2541062,57
results_cnvpytor,ERS2541126,68
results_cnvpytor,ERS2541183,53
results_cnvpytor,ERS2541208,79
results_cnvpytor,ERS2541212,60
results_cnvpytor,ERS2541222,56
results_cnvpytor,ERS2541247,63
results_cnvpytor,ERS2541251,51
results_cnvpytor,ERS2541258,53
results_cnvpytor,ERS2541264,48
results_cnvpytor,ERS2541274,60
results_cnvpytor,ERS2541279,68
results_cnvpytor,ERS2541289,71
results_cnvpytor,ERS2541304,72
results_cnvpytor,ERS2541308,90
results_cnvpytor,ERS2541317,66
results_cnvpytor,ERS2541319,58
results_cnvpytor,ERS2541335,65
results_cnvpytor,ERS2541342,61
results_cnvpytor,ERS2541358,69
results_cnvpytor,ERS542306,48
results_cnvpytor,ERS542334,48
results_cnvpytor,ERS542366,73
results_cnvpytor,ERS542398,57
results_cnvpytor,ERS542440,50
results_cnvpytor,ERS542496,51
results_cnvpytor,SRS404468,125
results_cnvpytor,SRS404475,154
results_cnvpytor,SRS404481,120
results_cnvpytor,SRS404518,125
results_cnvpytor,SRS404743,169
results_cnvpytor,SRS404772,114
results_cnvpytor,SRS404793,107
results_cnvpytor,SRS405109,109
results_cnvpytor,SRS405137,122
results_cnvpytor,SRS405145,120
results_cnvpytor,SRS409062,183
results_cnvpytor,SRS409064,130
results_cnvpytor,SRS417571,121
results_cnvpytor,SRS417594,128
results_cnvpytor,SRS417606,177
results_cnvpytor,SRS417641,139
results_cnvpytor,SRS417642,124
results_cnvpytor,SRS417652,123
results_cnvpytor,SRS520178,267
results_cnvpytor,SRS520182,122
results_cnvpytor,SRS881238,94
results_cnvpytor,SRS885841,62
results_cnvpytor,SRS885892,88
results_cnvpytor,SRS885893,67
results_cnvpytor,SRS885916,77
results_HMMcopy,ERS1142697,1673
results_HMMcopy,ERS1142778,1652
results_HMMcopy,ERS1142791,1782
results_HMMcopy,ERS1142798,1683
results_HMMcopy,ERS1142815,1354
results_HMMcopy,ERS1142819,1812
results_HMMcopy,ERS1142844,1845
results_HMMcopy,ERS1142866,1781
results_HMMcopy,ERS1142869,1748
results_HMMcopy,ERS1142878,1898
results_HMMcopy,ERS1142889,2123
results_HMMcopy,ERS1142893,2030
results_HMMcopy,ERS2540945,1948
results_HMMcopy,ERS2540951,2023
results_HMMcopy,ERS2540980,1962
results_HMMcopy,ERS2540986,2039
results_HMMcopy,ERS2541039,1942
results_HMMcopy,ERS2541051,1637
results_HMMcopy,ERS2541061,1693
results_HMMcopy,ERS2541062,1431
results_HMMcopy,ERS2541126,1999
results_HMMcopy,ERS2541183,1770
results_HMMcopy,ERS2541208,1988
results_HMMcopy,ERS2541212,2050
results_HMMcopy,ERS2541222,1995
results_HMMcopy,ERS2541247,1689
results_HMMcopy,ERS2541251,1651
results_HMMcopy,ERS2541258,1950
results_HMMcopy,ERS2541264,2081
results_HMMcopy,ERS2541274,2045
results_HMMcopy,ERS2541279,1749
results_HMMcopy,ERS2541289,2086
results_HMMcopy,ERS2541304,2091
results_HMMcopy,ERS2541308,1872
results_HMMcopy,ERS2541317,1912
results_HMMcopy,ERS2541319,1986
results_HMMcopy,ERS2541335,2036
results_HMMcopy,ERS2541342,1642
results_HMMcopy,ERS2541358,1686
results_HMMcopy,ERS542306,1956
results_HMMcopy,ERS542334,1447
results_HMMcopy,ERS542366,1988
results_HMMcopy,ERS542398,1929
results_HMMcopy,ERS542440,1958
results_HMMcopy,ERS542496,1608
results_HMMcopy,SRS404468,1964
results_HMMcopy,SRS404475,1801
results_HMMcopy,SRS404481,1843
results_HMMcopy,SRS404518,2010
results_HMMcopy,SRS404743,1958
results_HMMcopy,SRS404772,2022
results_HMMcopy,SRS404793,1767
results_HMMcopy,SRS405109,1765
results_HMMcopy,SRS405137,2024
results_HMMcopy,SRS405145,2018
results_HMMcopy,SRS409062,2089
results_HMMcopy,SRS409064,2030
results_HMMcopy,SRS417571,2055
results_HMMcopy,SRS417594,2060
results_HMMcopy,SRS417606,1946
results_HMMcopy,SRS417641,1791
results_HMMcopy,SRS417642,2018
results_HMMcopy,SRS417652,1942
results_HMMcopy,SRS520178,2041
results_HMMcopy,SRS520182,2097
results_HMMcopy,SRS881238,1865
results_HMMcopy,SRS885841,1990
results_HMMcopy,SRS885892,1932
results_HMMcopy,SRS885893,1837
results_HMMcopy,SRS885916,1679
results_HMMcopy_AneuFinder,ERS1142697,2054
results_HMMcopy_AneuFinder,ERS1142778,2140
results_HMMcopy_AneuFinder,ERS1142791,2257
results_HMMcopy_AneuFinder,ERS1142798,2103
results_HMMcopy_AneuFinder,ERS1142815,1837
results_HMMcopy_AneuFinder,ERS1142819,2374
results_HMMcopy_AneuFinder,ERS1142844,2280
results_HMMcopy_AneuFinder,ERS1142866,2330
results_HMMcopy_AneuFinder,ERS1142869,2281
results_HMMcopy_AneuFinder,ERS1142878,2478
results_HMMcopy_AneuFinder,ERS1142889,2716
results_HMMcopy_AneuFinder,ERS1142893,2634
results_HMMcopy_AneuFinder,ERS2540945,2572
results_HMMcopy_AneuFinder,ERS2540951,2711
results_HMMcopy_AneuFinder,ERS2540980,2450
results_HMMcopy_AneuFinder,ERS2540986,2659
results_HMMcopy_AneuFinder,ERS2541039,2636
results_HMMcopy_AneuFinder,ERS2541051,2928
results_HMMcopy_AneuFinder,ERS2541061,2328
results_HMMcopy_AneuFinder,ERS2541062,2094
results_HMMcopy_AneuFinder,ERS2541126,2726
results_HMMcopy_AneuFinder,ERS2541183,2576
results_HMMcopy_AneuFinder,ERS2541208,2763
results_HMMcopy_AneuFinder,ERS2541212,2667
results_HMMcopy_AneuFinder,ERS2541222,2695
results_HMMcopy_AneuFinder,ERS2541247,2279
results_HMMcopy_AneuFinder,ERS2541251,2419
results_HMMcopy_AneuFinder,ERS2541258,2612
results_HMMcopy_AneuFinder,ERS2541264,2769
results_HMMcopy_AneuFinder,ERS2541274,2712
results_HMMcopy_AneuFinder,ERS2541279,2733
results_HMMcopy_AneuFinder,ERS2541289,2913
results_HMMcopy_AneuFinder,ERS2541304,3119
results_HMMcopy_AneuFinder,ERS2541308,2457
results_HMMcopy_AneuFinder,ERS2541317,2753
results_HMMcopy_AneuFinder,ERS2541319,2994
results_HMMcopy_AneuFinder,ERS2541335,2730
results_HMMcopy_AneuFinder,ERS2541342,2241
results_HMMcopy_AneuFinder,ERS2541358,2222
results_HMMcopy_AneuFinder,ERS542306,2380
results_HMMcopy_AneuFinder,ERS542334,1877
results_HMMcopy_AneuFinder,ERS542366,2681
results_HMMcopy_AneuFinder,ERS542398,2645
results_HMMcopy_AneuFinder,ERS542440,2587
results_HMMcopy_AneuFinder,ERS542496,2209
results_HMMcopy_AneuFinder,SRS404468,2584
results_HMMcopy_AneuFinder,SRS404475,2346
results_HMMcopy_AneuFinder,SRS404481,2478
results_HMMcopy_AneuFinder,SRS404518,2671
results_HMMcopy_AneuFinder,SRS404743,2653
results_HMMcopy_AneuFinder,SRS404772,2721
results_HMMcopy_AneuFinder,SRS404793,2239
results_HMMcopy_AneuFinder,SRS405109,2262
results_HMMcopy_AneuFinder,SRS405137,2639
results_HMMcopy_AneuFinder,SRS405145,2604
results_HMMcopy_AneuFinder,SRS409062,2708
results_HMMcopy_AneuFinder,SRS409064,2710
results_HMMcopy_AneuFinder,SRS417571,2713
results_HMMcopy_AneuFinder,SRS417594,2630
results_HMMcopy_AneuFinder,SRS417606,2597
results_HMMcopy_AneuFinder,SRS417641,2476
results_HMMcopy_AneuFinder,SRS417642,2574
results_HMMcopy_AneuFinder,SRS417652,2586
results_HMMcopy_AneuFinder,SRS520178,2707
results_HMMcopy_AneuFinder,SRS520182,2775
results_HMMcopy_AneuFinder,SRS881238,2518
results_HMMcopy_AneuFinder,SRS885841,2594
results_HMMcopy_AneuFinder,SRS885892,2679
results_HMMcopy_AneuFinder,SRS885893,2560
results_HMMcopy_AneuFinder,SRS885916,2360
