lineage,accession,chromosome
VNBI,chr01,chr01
VNBI,chr02,chr02
VNBI,chr03,chr03
VNBI,chr04,chr04
VNBI,chr05,chr05
VNBI,chr06,chr06
VNBI,chr07,chr07
VNBI,chr08,chr08
VNBI,chr09,chr09
VNBI,chr10,chr10
VNBI,chr11,chr11
VNBI,chr12,chr12
VNBI,chr13,chr13
VNBI,chr14,chr14
VNBII,CP097938.1_R,chr01
VNBII,CP097939.1,chr02
VNBII,CP097940.1,chr03
VNBII,CP097941.1,chr04
VNBII,CP097942.1,chr05
VNBII,CP097943.1,chr06
VNBII,CP097944.1_R,chr07
VNBII,CP097945.1_R,chr08
VNBII,CP097946.1,chr09
VNBII,CP097947.1_R,chr10
VNBII,CP097948.1_R,chr11
VNBII,CP097949.1_R,chr12
VNBII,CP097950.1,chr13
VNBII,CP097951.1_R,chr14
VNI,CP003820.1,chr01
VNI,CP003821.1,chr02
VNI,CP003822.1,chr03
VNI,CP003823.1,chr04
VNI,CP003824.1,chr05
VNI,CP003825.1,chr06
VNI,CP003826.1,chr07
VNI,CP003827.1,chr08
VNI,CP003828.1,chr09
VNI,CP003829.1,chr10
VNI,CP003830.1,chr11
VNI,CP003831.1,chr12
VNI,CP003832.1,chr13
VNI,CP003833.2,chr14
VNII,CP091247.1,chr01
VNII,CP091250.1_R,chr02
VNII,CP091255.1_R,chr03
VNII,CP091257.1,chr04
VNII,CP091249.1,chr05
VNII,CP091252.1,chr06
VNII,CP091251.1_R,chr07
VNII,CP091253.1,chr08
VNII,CP091254.1_R,chr09
VNII,CP091256.1_R,chr10
VNII,CP091248.1_R,chr11
VNII,CP091259.1,chr12
VNII,CP091260.1,chr13
VNII,CP091258.1,chr14
